Country,"Country ISO",Region,"Region ISO",Population,2023-12,2024-01,2024-02,2024-03,2024-04,2024-05,2024-06,2024-07,2024-08
Afghanistan,AF,,,29121286,0/0/230290/0/7973,0/0/231329/0/7982,0/0/231990/0/7982,0/0/232948/0/7985,0/0/234576/0/7997,0/0/235214/0/7998,0/0/235214/0/7998,0/0/235214/0/7998,0/0/235214/0/7998
Albania,AL,,,2862427,0/0/334555/0/3604,0/0/334863/0/3605,0/0/334863/0/3605,0/0/334863/0/3605,0/0/334863/0/3605,0/0/334863/0/3605,0/0/335047/0/3605,0/0/335047/0/3605,0/0/335047/0/3605
Algeria,DZ,,,34586184,0/0/272010/0/6881,0/0/272010/0/6881,0/0/272010/0/6881,0/0/272017/0/6881,0/0/272027/0/6881,0/0/272032/0/6881,0/0/272037/0/6881,0/0/272121/0/6881,0/0/272139/0/6881
"American Samoa",AS,,,57881,0/0/8359/0/34,0/0/8359/0/34,0/0/8359/0/34,0/0/8359/0/34,0/0/8359/0/34,0/0/8359/0/34,0/0/8359/0/34,0/0/8359/0/34,0/0/8359/0/34
Andorra,AD,,,76177,0/0/48015/0/159,0/0/48015/0/159,0/0/48015/0/159,0/0/48015/0/159,0/0/48015/0/159,0/0/48015/0/159,0/0/48015/0/159,0/0/48015/0/159,0/0/48015/0/159
Angola,AO,,,13068161,0/0/106720/0/1937,0/0/107084/0/1937,0/0/107325/0/1937,0/0/107357/0/1937,0/0/107394/0/1937,0/0/107454/0/1937,0/0/107469/0/1937,0/0/107481/0/1937,0/0/107481/0/1937
Antarctica,AQ,,,,0/0/0/0/0,0/0/0/0/0,0/0/0/0/0,0/0/0/0/0,0/0/0/0/0,0/0/0/0/0,0/0/0/0/0,0/0/0/0/0,0/0/0/0/0
"Antigua and Barbuda",AG,,,86754,0/0/9106/0/146,0/0/9106/0/146,0/0/9106/0/146,0/0/9106/0/146,0/0/9106/0/146,0/0/9106/0/146,0/0/9106/0/146,0/0/9106/0/146,0/0/9106/0/146
Argentina,AR,,,41343201,41522800/0/10075242/0/130687,41529058/0/10094643/0/130733,0/0/10087163/0/130577,0/0/10130243/0/130847,0/0/10131519/0/130857,0/0/10132472/0/130865,0/0/10133177/0/130869,0/0/10101164/0/130662,0/0/10101218/0/130663
Armenia,AM,,,2965269,0/0/451353/0/8771,0/0/451426/0/8775,0/0/451426/0/8775,0/0/451831/0/8777,0/0/451831/0/8777,0/0/451944/0/8777,0/0/451944/0/8777,0/0/452273/0/8777,0/0/452273/0/8777
Australia,AU,,,21515754,0/0/11710216/0/24087,0/0/11762120/0/24548,0/0/11792675/0/24798,0/0/11822999/0/25020,0/0/11841506/0/25698,0/0/11861161/0/25236,0/0/11861161/0/25236,0/0/11861161/0/25236,0/0/11861161/0/25236
Australia,AU,"Australian Capital Territory",AU-ACT,406400,0/0/0/0/0,0/0/0/0/0,0/0/0/0/0,0/0/0/0/0,0/0/0/0/0,0/0/0/0/0,0/0/0/0/0,0/0/0/0/0,0/0/0/0/0
Australia,AU,"New South Wales",AU-NSW,7797800,0/0/0/0/0,0/0/0/0/0,0/0/0/0/0,0/0/0/0/0,0/0/0/0/0,0/0/0/0/0,0/0/0/0/0,0/0/0/0/0,0/0/0/0/0
Australia,AU,"Northern Territory",AU-NT,245000,0/0/0/0/0,0/0/0/0/0,0/0/0/0/0,0/0/0/0/0,0/0/0/0/0,0/0/0/0/0,0/0/0/0/0,0/0/0/0/0,0/0/0/0/0
Australia,AU,Queensland,AU-QLD,4883700,0/0/0/0/0,0/0/0/0/0,0/0/0/0/0,0/0/0/0/0,0/0/0/0/0,0/0/0/0/0,0/0/0/0/0,0/0/0/0/0,0/0/0/0/0
Australia,AU,"South Australia",AU-SA,1717000,0/0/0/0/0,0/0/0/0/0,0/0/0/0/0,0/0/0/0/0,0/0/0/0/0,0/0/0/0/0,0/0/0/0/0,0/0/0/0/0,0/0/0/0/0
Australia,AU,Tasmania,AU-TAS,519100,0/0/0/0/0,0/0/0/0/0,0/0/0/0/0,0/0/0/0/0,0/0/0/0/0,0/0/0/0/0,0/0/0/0/0,0/0/0/0/0,0/0/0/0/0
Australia,AU,Victoria,AU-VIC,6244200,0/0/0/0/0,0/0/0/0/0,0/0/0/0/0,0/0/0/0/0,0/0/0/0/0,0/0/0/0/0,0/0/0/0/0,0/0/0/0/0,0/0/0/0/0
Australia,AU,"Western Australia",AU-WA,2567800,0/0/0/0/0,0/0/0/0/0,0/0/0/0/0,0/0/0/0/0,0/0/0/0/0,0/0/0/0/0,0/0/0/0/0,0/0/0/0/0,0/0/0/0/0
Austria,AT,,,8858775,0/0/6081287/0/22534,0/0/6081287/0/22534,0/0/6081287/0/22534,0/0/6082341/0/22534,0/0/6082345/0/22534,0/0/6082348/0/22534,0/0/6082373/0/22534,0/0/6082429/0/22534,0/0/6082444/0/22534
Azerbaijan,AZ,,,9981457,0/0/834183/0/10353,0/0/834470/0/10353,0/0/834916/0/10353,0/0/835272/0/10353,0/0/835349/0/10353,0/0/835424/0/10353,0/0/835515/0/10353,0/0/835694/0/10353,0/0/835757/0/10353
Bahamas,BS,,,301790,0/0/38084/0/844,0/0/38084/0/844,0/0/38084/0/844,0/0/38084/0/844,0/0/38084/0/844,0/0/38587/0/848,0/0/38743/0/848,0/0/39127/0/849,0/0/39127/0/849
Bahrain,BH,,,738004,0/0/696614/0/1536,0/0/696614/0/1536,0/0/696614/0/1536,0/0/696614/0/1536,0/0/696614/0/1536,0/0/696614/0/1536,0/0/696614/0/1536,0/0/696614/0/1536,0/0/696614/0/1536
Bangladesh,BD,,,156118464,0/0/2046312/0/29477,151504434/0/2046998/0/29481,151504474/0/2048232/0/29489,151505638/0/2049519/0/29493,151507133/0/2049970/0/29494,151507159/0/2050367/0/29495,151507162/0/2051009/0/29498,151507162/0/2051308/0/29499,0/0/2051348/0/29499
Barbados,BB,,,285653,0/0/110153/0/593,0/0/110375/0/593,0/0/108047/0/593,0/0/110580/0/593,0/0/110595/0/593,0/0/110707/0/593,0/0/110828/0/593,0/0/108525/0/593,0/0/108582/0/593
Belarus,BY,,,9475174,0/0/994037/0/7118,0/0/994037/0/7118,0/0/994037/0/7118,0/0/994037/0/7118,0/0/994037/0/7118,0/0/994037/0/7118,0/0/994037/0/7118,0/0/994037/0/7118,0/0/994037/0/7118
Belgium,BE,,,11455519,0/0/4841934/0/34339,0/0/4855952/0/34339,0/0/4859522/0/34339,0/0/4861011/0/34339,0/0/4861560/0/34339,0/0/4862394/0/34339,0/0/4865822/0/34339,0/0/4871552/0/34339,0/0/4872829/0/34339
Belize,BZ,,,314522,0/0/71373/0/688,0/0/71381/0/688,0/0/70804/0/688,0/0/71409/0/688,0/0/71409/0/688,0/0/71409/0/688,0/0/71408/0/688,0/0/71414/0/688,0/0/71414/0/688
Benin,BJ,,,9056010,0/0/28036/0/163,0/0/28036/0/163,0/0/28036/0/163,0/0/28036/0/163,0/0/28036/0/163,0/0/28036/0/163,0/0/28036/0/163,0/0/28036/0/163,0/0/28036/0/163
Bhutan,BT,,,699847,0/0/62697/0/21,0/0/62697/0/21,0/0/62697/0/21,0/0/62697/0/21,0/0/62697/0/21,0/0/62697/0/21,0/0/62697/0/21,0/0/62697/0/21,0/0/62697/0/21
Bolivia,BO,,,9947418,0/0/1211716/0/22385,0/0/1211716/0/22385,0/0/1198017/0/22383,0/0/1212131/0/22387,0/0/1212131/0/22387,0/0/1212131/0/22387,0/0/1212144/0/22387,0/0/1212145/0/22387,0/0/1212147/0/22387
"Bosnia and Herzegovina",BA,,,3502550,0/0/403468/0/16378,0/0/403565/0/16382,0/0/403601/0/16386,0/0/403627/0/16388,0/0/403637/0/16388,0/0/403644/0/16388,0/0/403651/0/16388,0/0/403666/0/16392,0/0/403666/0/16392
Botswana,BW,,,2029307,0/0/330417/0/2800,0/0/330417/0/2800,0/0/330417/0/2800,0/0/330643/0/2801,0/0/330650/0/2801,0/0/330650/0/2801,0/0/330650/0/2801,0/0/330696/0/2801,0/0/330696/0/2801
Brazil,BR,,,201103330,0/0/37519960/0/702116,0/0/37519960/0/702116,0/0/37519960/0/702116,0/0/37519960/0/702116,0/0/37519960/0/702116,0/0/37519960/0/702116,0/0/37511921/0/702116,0/0/37511921/0/702116,0/0/37511921/0/702116
Brunei,BN,,,395027,0/0/330776/0/171,0/0/342260/0/178,0/0/343367/0/178,0/0/343770/0/178,0/0/343936/0/178,0/0/344486/0/178,0/0/345823/0/178,0/0/347435/0/178,0/0/347723/0/179
Bulgaria,BG,,,7000039,0/0/1321120/0/38613,0/0/1327689/0/38681,0/0/1328764/0/38691,0/0/1329171/0/38700,0/0/1329250/0/38700,0/0/1329329/0/38700,0/0/1329465/0/38700,0/0/1329731/0/38700,0/0/1329988/0/38700
"Burkina Faso",BF,,,16241811,0/0/22109/0/400,0/0/22109/0/400,0/0/22109/0/400,0/0/22120/0/400,0/0/22122/0/400,0/0/22128/0/400,0/0/22131/0/400,0/0/22139/0/400,0/0/22139/0/400
Burma,MM,,,53414374,0/0/641448/0/19494,0/0/641687/0/19494,0/0/641806/0/19494,0/0/641951/0/19494,0/0/642092/0/19494,0/0/642413/0/19494,0/0/642733/0/19494,0/0/642859/0/19494,0/0/642885/0/19494
Burundi,BI,,,9863117,0/0/54455/0/15,0/0/54546/0/15,0/0/54565/0/15,0/0/54569/0/15,0/0/54569/0/15,0/0/54569/0/15,0/0/54569/0/15,0/0/54569/0/15,0/0/54569/0/15
"Cabo Verde",CV,,,508659,0/0/64474/0/416,0/0/64474/0/417,0/0/64474/0/417,0/0/64474/0/417,0/0/64474/0/417,0/0/64474/0/417,0/0/64474/0/417,0/0/64474/0/417,0/0/64474/0/417
Cambodia,KH,,,14453680,0/0/139014/0/3056,0/0/139082/0/3056,0/0/139093/0/3056,0/0/139100/0/3056,0/0/139113/0/3056,0/0/139145/0/3056,0/0/139290/0/3056,0/0/139313/0/3056,0/0/139319/0/3056
Cameroon,CM,,,19294149,0/0/125137/0/1974,0/0/125137/0/1974,0/0/125137/0/1974,0/0/125146/0/1974,0/0/125179/0/1974,0/0/125235/0/1974,0/0/125239/0/1974,0/0/125246/0/1974,0/0/125246/0/1974
Canada,CA,,,33679000,0/0/4750768/0/53595,0/0/4773910/0/54127,0/0/4780494/0/54326,0/0/4787135/0/54261,0/0/4791350/0/54328,0/0/4812470/0/55103,0/0/4816758/0/55218,0/0/4819017/0/55282,0/0/4819055/0/55282
Canada,CA,Alberta,CA-AB,4067175,0/0/0/0/0,0/0/0/0/0,0/0/0/0/0,0/0/0/0/0,0/0/0/0/0,0/0/0/0/0,0/0/0/0/0,0/0/0/0/0,0/0/0/0/0
Canada,CA,"British Columbia",CA-BC,4648055,0/0/0/0/0,0/0/0/0/0,0/0/0/0/0,0/0/0/0/0,0/0/0/0/0,0/0/0/0/0,0/0/0/0/0,0/0/0/0/0,0/0/0/0/0
Canada,CA,"Diamond Princess",,3711,0/0/0/0/0,0/0/0/0/0,0/0/0/0/0,0/0/0/0/0,0/0/0/0/0,0/0/0/0/0,0/0/0/0/0,0/0/0/0/0,0/0/0/0/0
Canada,CA,"Grand Princess",,3533,0/0/0/0/0,0/0/0/0/0,0/0/0/0/0,0/0/0/0/0,0/0/0/0/0,0/0/0/0/0,0/0/0/0/0,0/0/0/0/0,0/0/0/0/0
Canada,CA,Manitoba,CA-MB,1278365,0/0/0/0/0,0/0/0/0/0,0/0/0/0/0,0/0/0/0/0,0/0/0/0/0,0/0/0/0/0,0/0/0/0/0,0/0/0/0/0,0/0/0/0/0
Canada,CA,"New Brunswick",CA-NB,747101,0/0/0/0/0,0/0/0/0/0,0/0/0/0/0,0/0/0/0/0,0/0/0/0/0,0/0/0/0/0,0/0/0/0/0,0/0/0/0/0,0/0/0/0/0
Canada,CA,"Newfoundland and Labrador",CA-NL,519716,0/0/0/0/0,0/0/0/0/0,0/0/0/0/0,0/0/0/0/0,0/0/0/0/0,0/0/0/0/0,0/0/0/0/0,0/0/0/0/0,0/0/0/0/0
Canada,CA,"Northwest Territories",CA-NT,41786,0/0/0/0/0,0/0/0/0/0,0/0/0/0/0,0/0/0/0/0,0/0/0/0/0,0/0/0/0/0,0/0/0/0/0,0/0/0/0/0,0/0/0/0/0
Canada,CA,"Nova Scotia",CA-NS,923598,0/0/0/0/0,0/0/0/0/0,0/0/0/0/0,0/0/0/0/0,0/0/0/0/0,0/0/0/0/0,0/0/0/0/0,0/0/0/0/0,0/0/0/0/0
Canada,CA,Nunavut,CA-NU,35944,0/0/0/0/0,0/0/0/0/0,0/0/0/0/0,0/0/0/0/0,0/0/0/0/0,0/0/0/0/0,0/0/0/0/0,0/0/0/0/0,0/0/0/0/0
Canada,CA,Ontario,CA-ON,13448494,0/0/0/0/0,0/0/0/0/0,0/0/0/0/0,0/0/0/0/0,0/0/0/0/0,0/0/0/0/0,0/0/0/0/0,0/0/0/0/0,0/0/0/0/0
Canada,CA,"Prince Edward Island",CA-PE,142907,0/0/0/0/0,0/0/0/0/0,0/0/0/0/0,0/0/0/0/0,0/0/0/0/0,0/0/0/0/0,0/0/0/0/0,0/0/0/0/0,0/0/0/0/0
Canada,CA,Quebec,CA-QC,8164361,0/0/0/0/0,0/0/0/0/0,0/0/0/0/0,0/0/0/0/0,0/0/0/0/0,0/0/0/0/0,0/0/0/0/0,0/0/0/0/0,0/0/0/0/0
Canada,CA,"Repatriated Travellers",,,0/0/0/0/0,0/0/0/0/0,0/0/0/0/0,0/0/0/0/0,0/0/0/0/0,0/0/0/0/0,0/0/0/0/0,0/0/0/0/0,0/0/0/0/0
Canada,CA,Saskatchewan,CA-SK,1098352,0/0/0/0/0,0/0/0/0/0,0/0/0/0/0,0/0/0/0/0,0/0/0/0/0,0/0/0/0/0,0/0/0/0/0,0/0/0/0/0,0/0/0/0/0
Canada,CA,Yukon,CA-YT,35874,0/0/0/0/0,0/0/0/0/0,0/0/0/0/0,0/0/0/0/0,0/0/0/0/0,0/0/0/0/0,0/0/0/0/0,0/0/0/0/0,0/0/0/0/0
"Central African Republic",CF,,,4844927,0/0/15440/0/113,0/0/15440/0/113,0/0/15440/0/113,0/0/15440/0/113,0/0/15460/0/113,0/0/15440/0/113,0/0/15440/0/113,0/0/15441/0/113,0/0/15441/0/113
Chad,TD,,,10543464,0/0/7698/0/194,0/0/7698/0/194,0/0/7698/0/194,0/0/7702/0/194,0/0/7702/0/194,0/0/7702/0/194,0/0/7702/0/194,0/0/7702/0/194,0/0/7702/0/194
Chile,CL,,,16746491,0/0/5329103/0/62168,0/0/5345008/0/62288,0/0/5322525/0/61665,0/0/5397438/0/62586,0/0/5399827/0/62686,0/0/5400425/0/62708,0/0/5400751/0/62723,0/0/5401026/0/62730,0/0/5401126/0/62730
China,CN,,,1330044000,0/0/99322525/0/121889,6918955/0/99327754/0/121933,6919127/0/99334752/0/121993,6919331/0/99347448/0/122121,6919538/0/99353161/0/122176,6919667/0/99359003/0/122225,6919889/0/99363491/0/122261,6920066/0/99371132/0/122289,6920120/0/99373219/0/122304
China,CN,Anhui,CN-34,59500510,0/0/0/0/0,0/0/0/0/0,0/0/0/0/0,0/0/0/0/0,0/0/0/0/0,0/0/0/0/0,0/0/0/0/0,0/0/0/0/0,0/0/0/0/0
China,CN,Beijing,CN-11,19612368,0/0/0/0/0,0/0/0/0/0,0/0/0/0/0,0/0/0/0/0,0/0/0/0/0,0/0/0/0/0,0/0/0/0/0,0/0/0/0/0,0/0/0/0/0
China,CN,Chongqing,CN-50,28846170,0/0/0/0/0,0/0/0/0/0,0/0/0/0/0,0/0/0/0/0,0/0/0/0/0,0/0/0/0/0,0/0/0/0/0,0/0/0/0/0,0/0/0/0/0
China,CN,Fujian,CN-35,36894216,0/0/0/0/0,0/0/0/0/0,0/0/0/0/0,0/0/0/0/0,0/0/0/0/0,0/0/0/0/0,0/0/0/0/0,0/0/0/0/0,0/0/0/0/0
China,CN,Gansu,CN-62,25575254,0/0/0/0/0,0/0/0/0/0,0/0/0/0/0,0/0/0/0/0,0/0/0/0/0,0/0/0/0/0,0/0/0/0/0,0/0/0/0/0,0/0/0/0/0
China,CN,Guangdong,CN-44,104303132,0/0/0/0/0,0/0/0/0/0,0/0/0/0/0,0/0/0/0/0,0/0/0/0/0,0/0/0/0/0,0/0/0/0/0,0/0/0/0/0,0/0/0/0/0
China,CN,Guangxi,CN-45,46026629,0/0/0/0/0,0/0/0/0/0,0/0/0/0/0,0/0/0/0/0,0/0/0/0/0,0/0/0/0/0,0/0/0/0/0,0/0/0/0/0,0/0/0/0/0
China,CN,Guizhou,CN-52,35806468,0/0/0/0/0,0/0/0/0/0,0/0/0/0/0,0/0/0/0/0,0/0/0/0/0,0/0/0/0/0,0/0/0/0/0,0/0/0/0/0,0/0/0/0/0
China,CN,Hainan,CN-46,9261518,0/0/0/0/0,0/0/0/0/0,0/0/0/0/0,0/0/0/0/0,0/0/0/0/0,0/0/0/0/0,0/0/0/0/0,0/0/0/0/0,0/0/0/0/0
China,CN,Hebei,CN-13,71854202,0/0/0/0/0,0/0/0/0/0,0/0/0/0/0,0/0/0/0/0,0/0/0/0/0,0/0/0/0/0,0/0/0/0/0,0/0/0/0/0,0/0/0/0/0
China,CN,Heilongjiang,CN-23,38312224,0/0/0/0/0,0/0/0/0/0,0/0/0/0/0,0/0/0/0/0,0/0/0/0/0,0/0/0/0/0,0/0/0/0/0,0/0/0/0/0,0/0/0/0/0
China,CN,Henan,CN-41,94023567,0/0/0/0/0,0/0/0/0/0,0/0/0/0/0,0/0/0/0/0,0/0/0/0/0,0/0/0/0/0,0/0/0/0/0,0/0/0/0/0,0/0/0/0/0
China,CN,"Hong Kong",CN-91,7061200,0/0/0/0/0,0/0/0/0/0,0/0/0/0/0,0/0/0/0/0,0/0/0/0/0,0/0/0/0/0,0/0/0/0/0,0/0/0/0/0,0/0/0/0/0
China,CN,Hubei,CN-42,57237740,0/0/0/0/0,0/0/0/0/0,0/0/0/0/0,0/0/0/0/0,0/0/0/0/0,0/0/0/0/0,0/0/0/0/0,0/0/0/0/0,0/0/0/0/0
China,CN,Hunan,CN-43,65683722,0/0/0/0/0,0/0/0/0/0,0/0/0/0/0,0/0/0/0/0,0/0/0/0/0,0/0/0/0/0,0/0/0/0/0,0/0/0/0/0,0/0/0/0/0
China,CN,"Inner Mongolia",CN-NM,25050000,0/0/0/0/0,0/0/0/0/0,0/0/0/0/0,0/0/0/0/0,0/0/0/0/0,0/0/0/0/0,0/0/0/0/0,0/0/0/0/0,0/0/0/0/0
China,CN,Jiangsu,CN-32,78659903,0/0/0/0/0,0/0/0/0/0,0/0/0/0/0,0/0/0/0/0,0/0/0/0/0,0/0/0/0/0,0/0/0/0/0,0/0/0/0/0,0/0/0/0/0
China,CN,Jiangxi,CN-36,44567475,0/0/0/0/0,0/0/0/0/0,0/0/0/0/0,0/0/0/0/0,0/0/0/0/0,0/0/0/0/0,0/0/0/0/0,0/0/0/0/0,0/0/0/0/0
China,CN,Jilin,CN-22,27462297,0/0/0/0/0,0/0/0/0/0,0/0/0/0/0,0/0/0/0/0,0/0/0/0/0,0/0/0/0/0,0/0/0/0/0,0/0/0/0/0,0/0/0/0/0
China,CN,Liaoning,CN-21,43746323,0/0/0/0/0,0/0/0/0/0,0/0/0/0/0,0/0/0/0/0,0/0/0/0/0,0/0/0/0/0,0/0/0/0/0,0/0/0/0/0,0/0/0/0/0
China,CN,Macau,CN-MO,667400,0/0/0/0/0,0/0/0/0/0,0/0/0/0/0,0/0/0/0/0,0/0/0/0/0,0/0/0/0/0,0/0/0/0/0,0/0/0/0/0,0/0/0/0/0
China,CN,Ningxia,CN-64,6176900,0/0/0/0/0,0/0/0/0/0,0/0/0/0/0,0/0/0/0/0,0/0/0/0/0,0/0/0/0/0,0/0/0/0/0,0/0/0/0/0,0/0/0/0/0
China,CN,Qinghai,CN-63,5626722,0/0/0/0/0,0/0/0/0/0,0/0/0/0/0,0/0/0/0/0,0/0/0/0/0,0/0/0/0/0,0/0/0/0/0,0/0/0/0/0,0/0/0/0/0
China,CN,Shaanxi,CN-61,37327378,0/0/0/0/0,0/0/0/0/0,0/0/0/0/0,0/0/0/0/0,0/0/0/0/0,0/0/0/0/0,0/0/0/0/0,0/0/0/0/0,0/0/0/0/0
China,CN,Shandong,CN-37,100063065,0/0/0/0/0,0/0/0/0/0,0/0/0/0/0,0/0/0/0/0,0/0/0/0/0,0/0/0/0/0,0/0/0/0/0,0/0/0/0/0,0/0/0/0/0
China,CN,Shanghai,CN-31,23019148,0/0/0/0/0,0/0/0/0/0,0/0/0/0/0,0/0/0/0/0,0/0/0/0/0,0/0/0/0/0,0/0/0/0/0,0/0/0/0/0,0/0/0/0/0
China,CN,Shanxi,CN-14,37327378,0/0/0/0/0,0/0/0/0/0,0/0/0/0/0,0/0/0/0/0,0/0/0/0/0,0/0/0/0/0,0/0/0/0/0,0/0/0/0/0,0/0/0/0/0
China,CN,Sichuan,CN-51,80418200,0/0/0/0/0,0/0/0/0/0,0/0/0/0/0,0/0/0/0/0,0/0/0/0/0,0/0/0/0/0,0/0/0/0/0,0/0/0/0/0,0/0/0/0/0
China,CN,Tianjin,CN-12,12938224,0/0/0/0/0,0/0/0/0/0,0/0/0/0/0,0/0/0/0/0,0/0/0/0/0,0/0/0/0/0,0/0/0/0/0,0/0/0/0/0,0/0/0/0/0
China,CN,Tibet,CN-XZ,3180000,0/0/0/0/0,0/0/0/0/0,0/0/0/0/0,0/0/0/0/0,0/0/0/0/0,0/0/0/0/0,0/0/0/0/0,0/0/0/0/0,0/0/0/0/0
China,CN,Unknown,,,0/0/0/0/0,0/0/0/0/0,0/0/0/0/0,0/0/0/0/0,0/0/0/0/0,0/0/0/0/0,0/0/0/0/0,0/0/0/0/0,0/0/0/0/0
China,CN,Xinjiang,CN-65,21813334,0/0/0/0/0,0/0/0/0/0,0/0/0/0/0,0/0/0/0/0,0/0/0/0/0,0/0/0/0/0,0/0/0/0/0,0/0/0/0/0,0/0/0/0/0
China,CN,Yunnan,CN-53,45966239,0/0/0/0/0,0/0/0/0/0,0/0/0/0/0,0/0/0/0/0,0/0/0/0/0,0/0/0/0/0,0/0/0/0/0,0/0/0/0/0,0/0/0/0/0
China,CN,Zhejiang,CN-33,54426891,0/0/0/0/0,0/0/0/0/0,0/0/0/0/0,0/0/0/0/0,0/0/0/0/0,0/0/0/0/0,0/0/0/0/0,0/0/0/0/0,0/0/0/0/0
Colombia,CO,,,47790000,0/0/6385539/0/142727,0/0/6393550/0/142727,0/0/6380026/0/142727,0/0/6384575/0/142727,0/0/6385172/0/142727,0/0/6385740/0/142727,0/0/6387399/0/142727,0/0/6390900/0/142727,0/0/6391876/0/142727
Comoros,KM,,,773407,0/0/9109/0/160,0/0/9109/0/160,0/0/9109/0/160,0/0/9109/0/160,0/0/9109/0/160,0/0/9109/0/160,0/0/9109/0/160,0/0/9109/0/160,0/0/9109/0/160
"Congo (Brazzaville)",CG,,,3039126,0/0/25213/0/389,0/0/25213/0/389,0/0/25213/0/389,0/0/25216/0/389,0/0/25219/0/389,0/0/25220/0/389,0/0/25226/0/389,0/0/25227/0/389,0/0/25227/0/389
"Congo (Kinshasa)",CD,,,70916439,0/0/99338/0/1468,0/0/99338/0/1468,0/0/99338/0/1468,0/0/99338/0/1468,0/0/100531/0/1470,0/0/100616/0/1470,0/0/100620/0/1470,0/0/101009/0/1474,0/0/101009/0/1474
"Cook Islands (the)",CK,,,21388,0/0/0/0/0,0/0/0/0/0,0/0/0/0/0,0/0/0/0/0,0/0/0/0/0,0/0/0/0/0,0/0/0/0/0,0/0/0/0/0,0/0/0/0/0
"Cook Islands",CK,,,21388,0/0/7203/0/2,0/0/7203/0/2,0/0/7203/0/2,0/0/7324/0/2,0/0/7326/0/2,0/0/7326/0/2,0/0/7327/0/2,0/0/7344/0/2,0/0/7345/0/2
"Costa Rica",CR,,,4516220,0/0/1230653/0/9368,0/0/1230653/0/9368,0/0/1230653/0/9368,0/0/1230653/0/9368,0/0/1230653/0/9368,0/0/1230653/0/9368,0/0/1230653/0/9368,0/0/1234701/0/9372,0/0/1234701/0/9372
"Cote d'Ivoire",CI,,,21058798,0/0/88384/0/835,0/0/88384/0/835,0/0/88384/0/835,0/0/88403/0/835,0/0/88425/0/835,0/0/88427/0/835,0/0/88430/0/835,0/0/88434/0/835,0/0/88434/0/835
Croatia,HR,,,4076246,0/0/1285460/0/18487,0/0/1309728/0/18687,0/0/1309728/0/18687,0/0/1316785/0/18751,0/0/1316914/0/18752,0/0/1317083/0/18752,0/0/1317144/0/18752,0/0/1317144/0/18752,0/0/1317144/0/18752
Cuba,CU,,,11423000,0/0/1115043/0/8530,10790799/0/1115043/0/8530,0/0/1115043/0/8530,10802015/0/1115043/0/8530,10805570/0/1113662/0/8530,0/0/1113662/0/8530,0/0/1113662/0/8530,0/0/1113662/0/8530,0/0/1113662/0/8530
Cyprus,CY,,,875899,0/0/662962/0/1364,0/0/681110/0/1365,0/0/681110/0/1365,0/0/690708/0/1367,0/0/691021/0/1442,0/0/691252/0/1445,0/0/693425/0/1450,0/0/696410/0/1451,0/0/696410/0/1451
Czechia,CZ,,,10649800,0/0/4729800/0/43225,6975637/0/4756085/0/43478,6980671/0/4758286/0/43490,6982237/0/4758954/0/43503,6982249/0/4759226/0/43503,6981983/0/4759494/0/43505,6981990/0/4760149/0/43507,6982006/0/4761348/0/43508,0/0/4761919/0/43509
Denmark,DK,,,5806081,0/0/34658/0/28,0/0/34658/0/28,0/0/34658/0/28,0/0/34658/0/28,0/0/34658/0/28,0/0/34658/0/28,0/0/34658/0/28,0/0/3435679/0/9693,0/0/3435679/0/9693
Denmark,DK,"Faroe Islands",FO-FO,51783,0/0/0/0/0,0/0/0/0/0,0/0/0/0/0,0/0/0/0/0,0/0/0/0/0,0/0/0/0/0,0/0/0/0/0,0/0/34658/0/28,0/0/34658/0/28
Denmark,DK,Greenland,GL-GL,55992,0/0/11971/0/21,0/0/11971/0/21,0/0/11971/0/21,0/0/11971/0/21,0/0/11971/0/21,0/0/11971/0/21,0/0/11971/0/21,0/0/11971/0/21,0/0/11971/0/21
"Diamond Princess",,,,3711,0/0/0/0/0,0/0/0/0/0,0/0/0/0/0,0/0/0/0/0,0/0/0/0/0,0/0/0/0/0,0/0/0/0/0,0/0/0/0/0,0/0/0/0/0
Djibouti,DJ,,,740528,0/0/15690/0/189,0/0/15690/0/189,0/0/15690/0/189,0/0/15690/0/189,0/0/15690/0/189,0/0/15690/0/189,0/0/15690/0/189,0/0/15690/0/189,0/0/15690/0/189
Dominica,DM,,,72813,0/0/16038/0/74,0/0/16038/0/74,0/0/15760/0/74,0/0/16047/0/74,0/0/16047/0/74,0/0/16047/0/74,0/0/16047/0/74,0/0/16047/0/74,0/0/16047/0/74
"Dominican Republic",DO,,,9823821,7367193/0/661180/0/4384,0/0/661180/0/4384,0/0/661180/0/4384,0/0/661181/0/4384,0/0/661103/0/4384,0/0/661103/0/4384,0/0/661103/0/4384,0/0/661103/0/4384,0/0/661103/0/4384
Ecuador,EC,,,14790608,0/0/1066409/0/36036,0/0/1062896/0/36019,0/0/1067457/0/36032,0/0/1075679/0/36047,0/0/1076052/0/36048,0/0/1076265/0/36049,0/0/1076782/0/36050,0/0/1077288/0/36050,0/0/1077445/0/36050
Egypt,EG,,,80471869,0/0/516023/0/24830,0/0/516023/0/24830,0/0/516023/0/24830,0/0/516023/0/24830,0/0/516023/0/24830,0/0/516023/0/24830,0/0/516023/0/24830,0/0/516023/0/24830,0/0/516023/0/24830
"El Salvador",SV,,,6052064,0/0/201835/0/4230,0/0/201853/0/4230,0/0/201810/0/4230,0/0/201864/0/4230,0/0/201865/0/4230,0/0/201872/0/4230,0/0/201895/0/4230,0/0/201917/0/4230,0/0/201920/0/4230
"Equatorial Guinea",GQ,,,1014999,0/0/17130/0/183,0/0/17130/0/183,0/0/17130/0/183,0/0/17130/0/183,0/0/17130/0/183,0/0/17130/0/183,0/0/17130/0/183,0/0/17130/0/183,0/0/17130/0/183
Eritrea,ER,,,5792984,0/0/10189/0/103,0/0/10189/0/103,0/0/10189/0/103,0/0/10189/0/103,0/0/10189/0/103,0/0/10189/0/103,0/0/10189/0/103,0/0/10189/0/103,0/0/10189/0/103
Estonia,EE,,,1324820,870086/0/607188/0/2962,870135/0/609520/0/2986,870153/0/610070/0/2994,870160/0/610294/0/2997,870174/0/610346/0/2998,870180/0/610427/0/2998,870189/0/610471/0/2998,870201/0/610471/0/2998,870213/0/610471/0/2998
Eswatini,SZ,,,1354051,0/0/75191/0/1427,0/0/75191/0/1427,0/0/75191/0/1427,0/0/75191/0/1427,0/0/75191/0/1427,0/0/75356/0/1427,0/0/75356/0/1427,0/0/75356/0/1427,0/0/75356/0/1427
Ethiopia,ET,,,88013491,0/0/501117/0/7574,0/0/501117/0/7574,0/0/501157/0/7574,0/0/501158/0/7574,0/0/501167/0/7574,0/0/501171/0/7574,0/0/501175/0/7574,0/0/501193/0/7574,0/0/501193/0/7574
Fiji,FJ,,,875983,0/0/69047/0/885,0/0/69047/0/885,0/0/69047/0/885,0/0/69047/0/885,0/0/69047/0/885,0/0/69047/0/885,0/0/69047/0/885,0/0/69047/0/885,0/0/69047/0/885
Finland,FI,,,5517919,0/0/1499712/0/11364,4524288/0/1499712/0/11423,0/0/1499712/0/11466,0/0/1499712/0/11466,0/0/1499712/0/11466,0/0/1499712/0/11466,0/0/1499712/0/11466,0/0/1499712/0/11466,0/0/1499712/0/11466
France,FR,,,67012883,0/0/38997490/0/167985,0/0/38997490/0/167985,0/0/38997490/0/167985,0/0/38997490/0/168091,0/0/38997490/0/168091,0/0/38997490/0/168091,0/0/38997490/0/168091,0/0/38997490/0/168091,0/0/38997490/0/168091
France,FR,"French Guiana",GF-GF,290691,0/0/98041/0/413,0/0/98041/0/413,0/0/98041/0/413,0/0/98041/0/413,0/0/98041/0/413,0/0/98041/0/413,0/0/98041/0/413,0/0/98041/0/413,0/0/98041/0/413
France,FR,"French Polynesia",PF-PF,275918,0/0/79227/0/649,0/0/79254/0/650,0/0/79254/0/650,0/0/79301/0/650,0/0/79302/0/650,0/0/79302/0/650,0/0/79313/0/650,0/0/79340/0/650,0/0/79387/0/650
France,FR,Guadeloupe,FR-GP,394110,0/0/0/0/0,0/0/0/0/0,0/0/0/0/0,0/0/0/0/0,0/0/0/0/0,0/0/0/0/0,0/0/0/0/0,0/0/0/0/0,0/0/0/0/0
France,FR,Martinique,FR-MQ,376480,0/0/0/0/0,0/0/0/0/0,0/0/0/0/0,0/0/0/0/0,0/0/0/0/0,0/0/0/0/0,0/0/0/0/0,0/0/0/0/0,0/0/0/0/0
France,FR,Mayotte,FR-YT,256518,0/0/0/0/0,0/0/0/0/0,0/0/0/0/0,0/0/0/0/0,0/0/0/0/0,0/0/0/0/0,0/0/0/0/0,0/0/0/0/0,0/0/0/0/0
France,FR,"New Caledonia",NC-NC,271407,0/0/80064/0/314,0/0/80064/0/314,0/0/80064/0/314,0/0/80064/0/314,0/0/80064/0/314,0/0/80163/0/314,0/0/80163/0/314,0/0/80163/0/314,0/0/80163/0/314
France,FR,Reunion,RE-RE,859959,0/0/494595/0/921,0/0/494595/0/921,0/0/494595/0/921,0/0/494595/0/921,0/0/494595/0/921,0/0/494595/0/921,0/0/494595/0/921,0/0/494595/0/921,0/0/494595/0/921
France,FR,"Saint Barthelemy",FR-BL,9793,0/0/0/0/0,0/0/0/0/0,0/0/0/0/0,0/0/0/0/0,0/0/0/0/0,0/0/0/0/0,0/0/0/0/0,0/0/0/0/0,0/0/0/0/0
France,FR,"Saint Pierre and Miquelon",FR-PM,6008,0/0/0/0/0,0/0/0/0/0,0/0/0/0/0,0/0/0/0/0,0/0/0/0/0,0/0/0/0/0,0/0/0/0/0,0/0/0/0/0,0/0/0/0/0
France,FR,"St Martin",FR-MF,35107,0/0/0/0/0,0/0/0/0/0,0/0/0/0/0,0/0/0/0/0,0/0/0/0/0,0/0/0/0/0,0/0/0/0/0,0/0/0/0/0,0/0/0/0/0
France,FR,"Wallis and Futuna",FR-WF,11558,0/0/0/0/0,0/0/0/0/0,0/0/0/0/0,0/0/0/0/0,0/0/0/0/0,0/0/0/0/0,0/0/0/0/0,0/0/0/0/0,0/0/0/0/0
Gabon,GA,,,1545255,0/0/49051/0/307,0/0/49051/0/307,0/0/49051/0/307,0/0/49051/0/307,0/0/49051/0/307,0/0/49051/0/307,0/0/49051/0/307,0/0/49051/0/307,0/0/49051/0/307
Gambia,GM,,,1593256,0/0/12626/0/372,0/0/12626/0/372,0/0/12626/0/372,0/0/12626/0/372,0/0/12626/0/372,0/0/12627/0/372,0/0/12627/0/372,0/0/12627/0/372,0/0/12627/0/372
Georgia,GE,,,3723464,0/0/1855289/0/17132,0/0/1855289/0/17132,0/0/1855289/0/17132,0/0/1862497/0/17132,0/0/1862754/0/17150,0/0/1863059/0/17150,0/0/1863101/0/17150,0/0/1863615/0/17150,0/0/1863615/0/17150
Germany,DE,,,83019213,0/0/38437756/0/174979,0/0/38437756/0/174979,0/0/38437756/0/174979,0/0/38437756/0/174979,0/0/38437756/0/174979,0/0/38437756/0/174979,0/0/38437756/0/174979,0/0/38437756/0/174979,0/0/38437756/0/174979
Ghana,GH,,,24339838,0/0/171834/0/1462,0/0/171834/0/1462,0/0/171834/0/1462,0/0/171875/0/1462,0/0/171990/0/1462,0/0/172029/0/1462,0/0/172052/0/1462,0/0/172062/0/1462,0/0/172062/0/1462
Greece,GR,,,10724599,7937102/0/5533964/0/38224,7937536/0/5611832/0/38806,7937725/0/5623101/0/38930,7937823/0/5628528/0/38986,7937922/0/5633047/0/39005,7937985/0/5635903/0/39019,7938031/0/5647653/0/39077,0/0/5667863/0/39218,0/0/5673681/0/39258
Grenada,GD,,,107818,0/0/19693/0/238,0/0/19693/0/238,0/0/19693/0/238,0/0/19693/0/238,0/0/19693/0/238,0/0/19693/0/238,0/0/19693/0/238,0/0/19693/0/238,0/0/19693/0/238
Guadeloupe,GP,,,443000,0/0/203235/0/1021,0/0/203235/0/1021,0/0/203235/0/1021,0/0/203235/0/1021,0/0/203235/0/1021,0/0/203235/0/1021,0/0/203235/0/1021,0/0/203235/0/1021,0/0/203235/0/1021
Guatemala,GT,,,13550440,0/0/1250304/0/20201,0/0/1250319/0/20201,0/0/1250288/0/20200,0/0/1250338/0/20202,0/0/1250355/0/20215,0/0/1250359/0/20203,0/0/1250364/0/20203,0/0/1250370/0/20203,0/0/1250371/0/20203
Guernsey,GG,,,65228,0/0/35326/0/67,0/0/35326/0/67,0/0/35326/0/67,0/0/35326/0/67,0/0/35326/0/67,0/0/35326/0/67,0/0/35326/0/67,0/0/35326/0/67,0/0/35326/0/67
Guinea-Bissau,GW,,,1565126,0/0/9614/0/177,0/0/9614/0/177,0/0/9614/0/177,0/0/9614/0/177,0/0/9614/0/177,0/0/9614/0/177,0/0/9614/0/177,0/0/9614/0/177,0/0/9614/0/177
Guinea,GN,,,10324025,0/0/38572/0/468,0/0/38572/0/468,0/0/38572/0/468,0/0/38572/0/468,0/0/38572/0/468,0/0/38572/0/468,0/0/38572/0/468,0/0/38572/0/468,0/0/38572/0/468
Guyana,GY,,,748486,0/0/73681/0/1299,0/0/74129/0/1300,0/0/73805/0/1300,0/0/74099/0/1301,0/0/74120/0/1301,0/0/74129/0/1301,0/0/74312/0/1302,0/0/74439/0/1302,0/0/74443/0/1302
Haiti,HT,,,9648924,0/0/34509/0/860,0/0/34509/0/860,0/0/34298/0/860,0/0/34298/0/860,0/0/34298/0/860,0/0/34298/0/860,0/0/34298/0/860,0/0/34456/0/860,0/0/34456/0/860
"Holy See",VA,,,921,0/0/26/0/0,0/0/26/0/0,0/0/26/0/0,0/0/26/0/0,0/0/26/0/0,0/0/26/0/0,0/0/26/0/0,0/0/26/0/0,0/0/26/0/0
Honduras,HN,,,7989415,0/0/472743/0/11114,0/0/472755/0/11114,0/0/472774/0/11114,0/0/472785/0/11114,0/0/472788/0/11114,0/0/472792/0/11114,0/0/472872/0/11114,0/0/472895/0/11114,0/0/472896/0/11114
Hungary,HU,,,9772756,0/0/2223831/0/48917,0/0/2229538/0/49022,0/0/2230159/0/49045,0/0/2230293/0/49049,0/0/2230371/0/49051,0/0/2230423/0/49051,0/0/2230485/0/49051,0/0/2230657/0/49053,0/0/2230800/0/49053
Iceland,IS,,,356991,0/0/209650/0/186,0/0/209878/0/186,0/0/209899/0/186,0/0/209915/0/186,0/0/209932/0/186,0/0/209979/0/186,0/0/210136/0/186,0/0/210347/0/186,0/0/210374/0/186
India,IN,,,1173108018,0/0/45013908/0/533364,1027421795/0/45025076/0/533445,1027429444/0/45029035/0/533478,1027438309/0/45034360/0/533552,1027438533/0/45036953/0/533585,1027438654/0/45039510/0/533612,1027438787/0/45040618/0/533622,1027438890/0/45041435/0/533623,1027438924/0/45041748/0/533623
Indonesia,ID,,,242968342,0/0/6821911/0/161974,0/0/6827669/0/162045,0/0/6828367/0/162050,0/0/6828942/0/162056,0/0/6828969/0/162058,0/0/6829029/0/162058,0/0/6829219/0/162058,0/0/6829353/0/162059,0/0/6829399/0/162059
Iran,IR,,,76923300,0/0/7625463/0/146757,0/0/7626230/0/146785,0/0/7627186/0/146811,0/0/7627186/0/146811,0/0/7627863/0/146837,0/0/7627863/0/146837,0/0/7627863/0/146837,0/0/7627863/0/146837,0/0/7627863/0/146837
Iraq,IQ,,,29671605,0/0/2465545/0/25375,0/0/2465545/0/25375,0/0/2465545/0/25375,0/0/2465545/0/25375,0/0/2465545/0/25375,0/0/2465545/0/25375,0/0/2465545/0/25375,0/0/2465545/0/25375,0/0/2465545/0/25375
Ireland,IE,,,4904240,0/0/1727436/0/9369,4111392/0/1732675/0/9450,0/0/1734296/0/9523,0/0/1735149/0/9579,4111970/0/1735829/0/9603,4112237/0/1736902/0/9625,0/0/1740618/0/9669,0/0/1744327/0/9735,0/0/1745088/0/9744
Israel,IL,,,7353985,0/0/4841558/0/12707,0/0/4841558/0/12707,0/0/4841558/0/12707,0/0/4841558/0/12707,0/0/4841558/0/12707,0/0/4841558/0/12707,0/0/4841558/0/12707,0/0/4841558/0/12707,0/0/4841558/0/12707
Italy,IT,,,60359546,0/0/26517706/0/193886,0/0/26699442/0/195996,0/0/26712200/0/196599,0/0/26718988/0/196910,0/0/26721052/0/196995,0/0/26722730/0/197018,0/0/26727644/0/197081,0/0/26774728/0/197301,0/0/26781078/0/197307
Jamaica,JM,,,2847232,0/0/156584/0/3590,0/0/156704/0/3591,0/0/156776/0/3593,0/0/156806/0/3597,0/0/156821/0/3600,0/0/156846/0/3600,0/0/157018/0/3601,0/0/157169/0/3611,0/0/157181/0/3611
Japan,JP,,,127288000,0/0/33803572/0/74694,0/0/33803572/0/74694,0/0/33803572/0/74694,0/0/33803572/0/74694,0/0/33803572/0/74694,0/0/33803572/0/74694,0/0/33803572/0/74694,0/0/33803572/0/74694,0/0/33803572/0/74694
Jersey,JE,,,90812,0/0/66391/0/161,0/0/66391/0/161,0/0/66391/0/161,0/0/66391/0/161,0/0/66391/0/161,0/0/66391/0/161,0/0/66391/0/161,0/0/66391/0/161,0/0/66391/0/161
Jordan,JO,,,6407085,0/0/1746997/0/14122,0/0/1746997/0/14122,0/0/1746997/0/14122,0/0/1746997/0/14122,0/0/1746997/0/14122,0/0/1746997/0/14122,0/0/1746997/0/14122,0/0/1746997/0/14122,0/0/1746997/0/14122
Kazakhstan,KZ,,,15340000,0/0/1502857/0/19072,0/0/1503205/0/19072,0/0/1503687/0/19072,0/0/1503687/0/19072,0/0/1503687/0/19072,0/0/1504370/0/19072,0/0/1504370/0/19072,0/0/1504370/0/19072,0/0/1504370/0/19072
Kenya,KE,,,40046566,0/0/344094/0/5689,0/0/344094/0/5689,0/0/344094/0/5689,0/0/344101/0/5689,0/0/344101/0/5689,0/0/344101/0/5689,0/0/344104/0/5689,0/0/344106/0/5689,0/0/344106/0/5689
Kiribati,KI,,,92533,0/0/5085/0/24,0/0/5085/0/24,0/0/5085/0/24,0/0/5085/0/24,0/0/5085/0/24,0/0/5085/0/24,0/0/5085/0/24,0/0/5085/0/24,0/0/5085/0/24
"Korea, North",KP,,,22912177,0/0/0/0/0,0/0/0/0/0,0/0/0/0/0,0/0/0/0/0,0/0/0/0/0,0/0/0/0/0,0/0/0/0/0,0/0/0/0/0,0/0/0/0/0
"Korea, South",KR,,,48422644,0/0/34571873/0/35934,0/0/34571873/0/35934,0/0/34571873/0/35934,0/0/34571873/0/35934,0/0/34571873/0/35934,0/0/34571873/0/35934,0/0/34571873/0/35934,0/0/34571873/0/35934,0/0/34571873/0/35934
Kosovo,XK,,,1795666,0/0/274279/0/3212,0/0/274279/0/3212,0/0/274279/0/3212,0/0/274279/0/3212,0/0/274279/0/3212,0/0/274279/0/3212,0/0/274279/0/3212,0/0/274279/0/3212,0/0/274279/0/3212
Kuwait,KW,,,2789132,0/0/666586/0/2570,0/0/666960/0/2570,0/0/667139/0/2570,0/0/667185/0/2570,0/0/667290/0/2570,0/0/667290/0/2570,0/0/667290/0/2570,0/0/667290/0/2570,0/0/667290/0/2570
Kyrgyzstan,KG,,,5776500,0/0/88934/0/1024,0/0/88953/0/1024,0/0/88953/0/1024,0/0/88953/0/1024,0/0/88953/0/1024,0/0/88953/0/1024,0/0/88953/0/1024,0/0/88953/0/1024,0/0/88953/0/1024
Laos,LA,,,6368162,0/0/218906/0/671,0/0/218914/0/671,0/0/218940/0/671,0/0/218962/0/671,0/0/219030/0/671,0/0/219045/0/671,0/0/219056/0/671,0/0/219060/0/671,0/0/219060/0/671
Latvia,LV,,,1919968,0/0/977701/0/7465,0/0/977701/0/7465,0/0/977701/0/7465,0/0/977701/0/7465,0/0/977701/0/7465,0/0/977765/0/7475,0/0/977765/0/7475,0/0/977765/0/7475,0/0/977765/0/7475
Lebanon,LB,,,4125247,0/0/1239904/0/10947,0/0/1239904/0/10947,0/0/1239904/0/10947,0/0/1239904/0/10947,0/0/1239904/0/10947,0/0/1239904/0/10947,0/0/1239904/0/10947,0/0/1239904/0/10947,0/0/1239904/0/10947
Lesotho,LS,,,1919552,0/0/36135/0/709,0/0/36135/0/709,0/0/36138/0/709,0/0/36138/0/709,0/0/36138/0/709,0/0/36138/0/709,0/0/36138/0/709,0/0/36138/0/709,0/0/36138/0/709
Liberia,LR,,,3685076,0/0/7930/0/294,0/0/7930/0/294,0/0/7930/0/294,0/0/7930/0/294,0/0/7930/0/294,0/0/7930/0/294,0/0/7930/0/294,0/0/7930/0/294,0/0/7930/0/294
Libya,LY,,,6461454,0/0/507269/0/6437,0/0/507269/0/6437,0/0/507269/0/6437,0/0/507269/0/6437,0/0/507269/0/6437,0/0/507269/0/6437,0/0/507269/0/6437,0/0/507269/0/6437,0/0/507269/0/6437
Liechtenstein,LI,,,38378,0/0/21558/0/87,0/0/21571/0/89,0/0/21574/0/89,0/0/21575/0/89,0/0/21575/0/89,0/0/21576/0/89,0/0/21579/0/89,0/0/21588/0/89,0/0/21588/0/89
Lithuania,LT,,,2794184,1958148/0/1359230/0/9773,1958229/0/1361865/0/9788,1958245/0/1364592/0/9799,1958258/0/1365783/0/9802,1958270/0/1366199/0/9804,1958286/0/1366537/0/9805,1958291/0/1367127/0/9807,1958299/0/1368548/0/9810,1958300/0/1369355/0/9810
Luxembourg,LU,,,613894,0/0/389005/0/1000,0/0/390788/0/1000,0/0/391134/0/1000,0/0/391270/0/1000,0/0/391347/0/1000,0/0/391473/0/1000,0/0/392202/0/1000,0/0/393352/0/1000,0/0/393542/0/1000
"MS Zaandam",,,,1829,0/0/0/0/0,0/0/0/0/0,0/0/0/0/0,0/0/0/0/0,0/0/0/0/0,0/0/0/0/0,0/0/0/0/0,0/0/0/0/0,0/0/0/0/0
Macao,MO,,,449198,0/0/0/0/0,0/0/0/0/0,0/0/0/0/0,0/0/0/0/0,0/0/0/0/0,0/0/0/0/0,0/0/0/0/0,0/0/0/0/0,0/0/0/0/0
Madagascar,MG,,,21281844,0/0/68471/0/1426,0/0/68475/0/1426,0/0/68486/0/1426,0/0/68493/0/1426,0/0/68521/0/1427,0/0/68546/0/1427,0/0/68555/0/1427,0/0/68567/0/1428,0/0/68567/0/1428
Malawi,MW,,,15447500,0/0/89168/0/2686,0/0/89168/0/2686,0/0/89168/0/2686,0/0/89168/0/2686,0/0/89168/0/2686,0/0/89168/0/2686,0/0/89168/0/2686,0/0/89168/0/2686,0/0/89168/0/2686
Malaysia,MY,,,28274729,28137597/0/5206724/0/37268,28137910/0/5269967/0/37340,28138015/0/5274786/0/37347,28138100/0/5278406/0/37348,28138157/0/5280589/0/37350,28138217/0/5283624/0/37350,28138274/0/5298347/0/37351,28138547/0/5308325/0/37351,28138569/0/5309410/0/37351
Maldives,MV,,,395650,0/0/186694/0/316,0/0/186694/0/316,0/0/186694/0/316,0/0/186694/0/316,0/0/186694/0/316,0/0/186694/0/316,0/0/186694/0/316,0/0/186694/0/316,0/0/186694/0/316
Mali,ML,,,13796354,0/0/33164/0/743,0/0/33164/0/743,0/0/33164/0/743,0/0/33164/0/743,0/0/33164/0/743,0/0/33164/0/743,0/0/33164/0/743,0/0/33166/0/743,0/0/33166/0/743
Malta,MT,,,493559,0/0/120862/0/887,478953/0/121283/0/906,478953/0/121393/0/903,478953/0/121409/0/905,0/0/121422/0/905,0/0/121480/0/907,0/0/121849/0/910,0/0/122716/0/921,0/0/122796/0/922
"Marshall Islands",MH,,,65859,0/0/16138/0/17,0/0/16138/0/17,0/0/16138/0/17,0/0/16178/0/17,0/0/16178/0/17,0/0/16248/0/17,0/0/16252/0/17,0/0/16297/0/17,0/0/16297/0/17
Martinique,MQ,,,432900,0/0/230354/0/1104,0/0/230354/0/1104,0/0/230354/0/1104,0/0/230354/0/1104,0/0/230354/0/1104,0/0/230354/0/1104,0/0/230354/0/1104,0/0/230354/0/1104,0/0/230354/0/1104
Mauritania,MR,,,3205060,0/0/63773/0/997,0/0/63809/0/997,0/0/63845/0/997,0/0/63848/0/997,0/0/63848/0/997,0/0/63865/0/997,0/0/63868/0/997,0/0/63872/0/997,0/0/63872/0/997
Mauritius,MU,,,1294104,0/0/321419/0/1058,0/0/324332/0/1066,0/0/327256/0/1070,0/0/327305/0/1070,0/0/327305/0/1070,0/0/327305/0/1070,0/0/327305/0/1070,0/0/328167/0/1073,0/0/328167/0/1073
Mayotte,YT,,,159042,0/0/42027/0/187,0/0/42027/0/187,0/0/42027/0/187,0/0/42027/0/187,0/0/42027/0/187,0/0/42027/0/187,0/0/42027/0/187,0/0/42027/0/187,0/0/42027/0/187
Mexico,MX,,,112468855,0/0/7702809/0/334958,0/0/7702809/0/334958,0/0/7702809/0/334958,0/0/7709747/0/335011,0/0/7709747/0/335011,0/0/7709747/0/335011,0/0/7616323/0/334500,0/0/7619118/0/334551,0/0/7619458/0/334551
Micronesia,FM,,,107708,0/0/26547/0/65,0/0/26547/0/65,0/0/26547/0/65,0/0/26547/0/65,0/0/26547/0/65,0/0/26547/0/65,0/0/26460/0/65,0/0/31765/0/65,0/0/31765/0/65
Moldova,MD,,,3547539,0/0/629501/0/12167,0/0/633670/0/12197,0/0/634934/0/12216,0/0/635389/0/12231,0/0/635614/0/12234,0/0/635684/0/12237,0/0/635810/0/12239,0/0/636777/0/12243,0/0/637520/0/12245
Monaco,MC,,,38300,0/0/17181/0/67,0/0/17181/0/67,0/0/17181/0/67,0/0/17181/0/67,0/0/17181/0/67,0/0/17181/0/67,0/0/17181/0/67,0/0/17181/0/67,0/0/17181/0/67
Mongolia,MN,,,3086918,0/0/1011420/0/2284,0/0/1011453/0/2284,0/0/1011479/0/2284,0/0/1011517/0/2284,0/0/1011463/0/2136,0/0/1011481/0/2136,0/0/1011489/0/2136,0/0/1011489/0/2136,0/0/1011489/0/2136
Montenegro,ME,,,622182,0/0/251280/0/2654,0/0/251280/0/2654,0/0/251280/0/2654,0/0/251280/0/2654,0/0/251280/0/2654,0/0/251280/0/2654,0/0/251280/0/2654,0/0/251280/0/2654,0/0/251280/0/2654
Morocco,MA,,,31627428,0/0/1278269/0/16300,0/0/1278752/0/16301,0/0/1278988/0/16303,0/0/1279024/0/16304,0/0/1279115/0/16305,0/0/1279115/0/16305,0/0/1279115/0/16305,0/0/1279115/0/16305,0/0/1279115/0/16305
Mozambique,MZ,,,22061451,0/0/233731/0/2250,0/0/233731/0/2250,0/0/233731/0/2250,0/0/233772/0/2252,0/0/233792/0/2252,0/0/233811/0/2252,0/0/233834/0/2252,0/0/233843/0/2252,0/0/233843/0/2252
Namibia,NA,,,2128471,0/0/172239/0/4103,0/0/172264/0/4103,0/0/172323/0/4103,0/0/172399/0/4106,0/0/172404/0/4108,0/0/172411/0/4108,0/0/172500/0/4108,0/0/172533/0/4108,0/0/172533/0/4108
Nauru,NR,,,10065,0/0/5393/0/1,0/0/5393/0/1,0/0/5393/0/1,0/0/5393/0/1,0/0/5393/0/1,0/0/5393/0/1,0/0/5393/0/1,0/0/5393/0/1,0/0/5393/0/1
Nepal,NP,,,28951852,0/0/1003450/0/12031,0/0/1003450/0/12031,0/0/1003450/0/12031,0/0/1003450/0/12031,0/0/1003450/0/12031,0/0/1003450/0/12031,0/0/1003450/0/12031,0/0/1003450/0/12031,0/0/1003450/0/12031
Netherlands,NL,,,17282163,0/0/8627693/0/22986,0/0/8633769/0/22986,0/0/8635061/0/22986,0/0/8635901/0/22986,0/0/8636147/0/22986,0/0/8636457/0/22986,0/0/8637525/0/22986,0/0/8639625/0/22986,0/0/8640008/0/22986
Netherlands,NL,Aruba,AW-AW,112309,0/0/44224/0/292,90545/0/44224/0/292,90545/0/44224/0/292,90546/0/44224/0/292,0/0/44224/0/292,0/0/44224/0/292,0/0/44224/0/292,0/0/44224/0/292,0/0/44224/0/292
Netherlands,NL,"Bonaire, Sint Eustatius and Saba",NL-BQ,25157,0/0/0/0/0,0/0/0/0/0,0/0/0/0/0,0/0/0/0/0,0/0/0/0/0,0/0/0/0/0,0/0/0/0/0,0/0/0/0/0,0/0/0/0/0
Netherlands,NL,Curacao,NL-CW,158665,0/0/0/0/0,0/0/0/0/0,0/0/0/0/0,0/0/0/0/0,0/0/0/0/0,0/0/0/0/0,0/0/0/0/0,0/0/0/0/0,0/0/0/0/0
Netherlands,NL,Drenthe,NL-DR,493449,0/0/0/0/0,0/0/0/0/0,0/0/0/0/0,0/0/0/0/0,0/0/0/0/0,0/0/0/0/0,0/0/0/0/0,0/0/0/0/0,0/0/0/0/0
Netherlands,NL,Flevoland,NL-FL,422202,0/0/0/0/0,0/0/0/0/0,0/0/0/0/0,0/0/0/0/0,0/0/0/0/0,0/0/0/0/0,0/0/0/0/0,0/0/0/0/0,0/0/0/0/0
Netherlands,NL,Friesland,NL-FR,649988,0/0/0/0/0,0/0/0/0/0,0/0/0/0/0,0/0/0/0/0,0/0/0/0/0,0/0/0/0/0,0/0/0/0/0,0/0/0/0/0,0/0/0/0/0
Netherlands,NL,Gelderland,NL-GE,2084478,0/0/0/0/0,0/0/0/0/0,0/0/0/0/0,0/0/0/0/0,0/0/0/0/0,0/0/0/0/0,0/0/0/0/0,0/0/0/0/0,0/0/0/0/0
Netherlands,NL,Groningen,NL-GR,585881,0/0/0/0/0,0/0/0/0/0,0/0/0/0/0,0/0/0/0/0,0/0/0/0/0,0/0/0/0/0,0/0/0/0/0,0/0/0/0/0,0/0/0/0/0
Netherlands,NL,Limburg,NL-LI,1118223,0/0/0/0/0,0/0/0/0/0,0/0/0/0/0,0/0/0/0/0,0/0/0/0/0,0/0/0/0/0,0/0/0/0/0,0/0/0/0/0,0/0/0/0/0
Netherlands,NL,Noord-Brabant,NL-NB,2562566,0/0/0/0/0,0/0/0/0/0,0/0/0/0/0,0/0/0/0/0,0/0/0/0/0,0/0/0/0/0,0/0/0/0/0,0/0/0/0/0,0/0/0/0/0
Netherlands,NL,Noord-Holland,NL-NH,2877909,0/0/0/0/0,0/0/0/0/0,0/0/0/0/0,0/0/0/0/0,0/0/0/0/0,0/0/0/0/0,0/0/0/0/0,0/0/0/0/0,0/0/0/0/0
Netherlands,NL,Overijssel,NL-OV,1162215,0/0/0/0/0,0/0/0/0/0,0/0/0/0/0,0/0/0/0/0,0/0/0/0/0,0/0/0/0/0,0/0/0/0/0,0/0/0/0/0,0/0/0/0/0
Netherlands,NL,"Sint Maarten",NL-SX,41486,0/0/0/0/0,0/0/0/0/0,0/0/0/0/0,0/0/0/0/0,0/0/0/0/0,0/0/0/0/0,0/0/0/0/0,0/0/0/0/0,0/0/0/0/0
Netherlands,NL,Utrecht,NL-UT,1353596,0/0/0/0/0,0/0/0/0/0,0/0/0/0/0,0/0/0/0/0,0/0/0/0/0,0/0/0/0/0,0/0/0/0/0,0/0/0/0/0,0/0/0/0/0
Netherlands,NL,Zeeland,NL-ZE,383689,0/0/0/0/0,0/0/0/0/0,0/0/0/0/0,0/0/0/0/0,0/0/0/0/0,0/0/0/0/0,0/0/0/0/0,0/0/0/0/0,0/0/0/0/0
Netherlands,NL,Zuid-Holland,NL-ZH,3705625,0/0/0/0/0,0/0/0/0/0,0/0/0/0/0,0/0/0/0/0,0/0/0/0/0,0/0/0/0/0,0/0/0/0/0,0/0/0/0/0,0/0/0/0/0
"New Zealand",NZ,,,4252277,0/0/2440375/0/3623,0/0/2470690/0/3748,0/0/2490078/0/3817,0/0/2573972/0/3916,0/0/2585152/0/3965,0/0/2598397/0/4027,0/0/2626621/0/4145,0/0/2637318/0/4268,0/0/2639048/0/4284
Nicaragua,NI,,,5995928,0/0/16088/0/245,0/0/16116/0/245,0/0/15729/0/245,0/0/16137/0/245,0/0/16142/0/245,0/0/16147/0/245,0/0/16165/0/245,0/0/16183/0/245,0/0/16185/0/245
Niger,NE,,,15878271,0/0/9515/0/315,0/0/9515/0/315,0/0/9515/0/315,0/0/9515/0/315,0/0/9515/0/315,0/0/9515/0/315,0/0/9518/0/315,0/0/9518/0/315,0/0/9518/0/315
Nigeria,NG,,,154000000,0/0/267173/0/3155,0/0/267173/0/3155,0/0/267188/0/3155,0/0/267188/0/3155,0/0/267188/0/3155,0/0/267188/0/3155,0/0/267188/0/3155,0/0/267188/0/3155,0/0/267188/0/3155
Niue,NU,,,2166,0/0/937/0/0,0/0/993/0/0,0/0/993/0/0,0/0/1059/0/0,0/0/1067/0/0,0/0/1074/0/0,0/0/1074/0/0,0/0/1074/0/0,0/0/1074/0/0
"North Macedonia",MK,,,2077132,0/0/350197/0/9963,0/0/350499/0/9968,0/0/350546/0/9974,0/0/350579/0/9977,0/0/350588/0/9977,0/0/350596/0/9977,0/0/350625/0/9977,0/0/350808/0/9978,0/0/350924/0/9978
Norway,NO,,,5328212,0/0/1501216/0/5732,0/0/1506086/0/5732,0/0/1506763/0/5732,0/0/1507196/0/5732,0/0/1507481/0/5732,0/0/1507899/0/5732,0/0/1509367/0/5732,0/0/1511902/0/5732,0/0/1512647/0/5732
Oman,OM,,,2967717,0/0/399449/0/4628,0/0/399449/0/4628,0/0/399449/0/4628,0/0/399449/0/4628,0/0/399449/0/4628,0/0/399449/0/4628,0/0/399449/0/4628,0/0/399449/0/4628,0/0/399449/0/4628
Pakistan,PK,,,184404791,0/0/1580631/0/30656,0/0/1580631/0/30656,0/0/1580631/0/30656,0/0/1580631/0/30656,0/0/1580631/0/30656,0/0/1580631/0/30656,0/0/1580631/0/30656,0/0/1580631/0/30656,0/0/1580631/0/30656
Palau,PW,,,19907,0/0/6265/0/9,0/0/6265/0/9,0/0/6265/0/9,0/0/6290/0/10,0/0/6332/0/10,0/0/6366/0/10,0/0/6372/0/10,0/0/6372/0/10,0/0/6372/0/10
Panama,PA,,,3410676,0/0/1041924/0/8652,0/0/1042567/0/8654,0/0/1039328/0/8656,0/0/1044307/0/8703,0/0/1044336/0/8704,0/0/1044375/0/8706,0/0/1044602/0/8719,0/0/1044821/0/8748,0/0/1044821/0/8748
"Papua New Guinea",PG,,,6064515,0/0/46864/0/670,0/0/46864/0/670,0/0/46864/0/670,0/0/46864/0/670,0/0/46864/0/670,0/0/46864/0/670,0/0/46864/0/670,0/0/46864/0/670,0/0/46864/0/670
Paraguay,PY,,,6375830,0/0/736182/0/19945,0/0/736275/0/19956,0/0/735759/0/19880,0/0/735759/0/19880,0/0/735759/0/19880,0/0/735759/0/19880,0/0/735759/0/19880,0/0/735759/0/19880,0/0/735759/0/19880
Peru,PE,,,29907003,0/0/4536733/0/221583,0/0/4536733/0/221583,0/0/4525908/0/220722,0/0/4524748/0/220831,0/0/4524748/0/220831,0/0/4524748/0/220831,0/0/4526977/0/220975,0/0/4526977/0/220975,0/0/4526977/0/220975
Philippines,PH,,,99900177,0/0/4132200/0/66795,0/0/4140383/0/66864,0/0/4140383/0/66864,0/0/4140383/0/66864,0/0/4140383/0/66864,0/0/4140383/0/66864,0/0/4140383/0/66864,0/0/4140383/0/66864,0/0/4140383/0/66864
Pitcairn,PN,,,46,0/0/4/0/0,0/0/4/0/0,0/0/4/0/0,0/0/4/0/0,0/0/4/0/0,0/0/4/0/0,0/0/4/0/0,0/0/4/0/0,0/0/4/0/0
Poland,PL,,,37972812,0/0/6609092/0/120018,0/0/6653365/0/120577,0/0/6659959/0/120677,0/0/6662019/0/120706,0/0/6662521/0/120711,0/0/6663029/0/120711,0/0/6664416/0/120715,0/0/6668336/0/120722,0/0/6670799/0/120726
Portugal,PT,,,10276617,0/0/5637114/0/27853,0/0/5641992/0/28079,0/0/5642695/0/28112,0/0/5643120/0/28128,0/0/5643432/0/28148,0/0/5644872/0/28174,0/0/5654876/0/28484,0/0/5663054/0/28759,0/0/5664109/0/28809
Qatar,QA,,,840926,0/0/514524/0/690,0/0/514524/0/690,0/0/514524/0/690,0/0/514524/0/690,0/0/514524/0/690,0/0/514524/0/690,0/0/514524/0/690,0/0/514524/0/690,0/0/514524/0/690
Romania,RO,,,19414458,0/0/3507443/0/68601,0/0/3519108/0/68676,0/0/3524271/0/68701,0/0/3526339/0/68708,0/0/3528581/0/68799,0/0/3529011/0/68803,0/0/3530405/0/68807,0/0/3536986/0/68819,0/0/3541619/0/68825
Russia,RU,,,143666931,0/0/23608723/0/400967,0/0/23774451/0/401884,0/0/23957786/0/402162,0/0/24078278/0/402520,0/0/24147589/0/402774,0/0/24193251/0/402926,0/0/24238177/0/403091,0/0/24260951/0/403178,0/0/24268728/0/403188
Russia,RU,"Adygeya Republic",RU-AD,463453,0/0/0/0/0,0/0/0/0/0,0/0/0/0/0,0/0/0/0/0,0/0/0/0/0,0/0/0/0/0,0/0/0/0/0,0/0/0/0/0,0/0/0/0/0
Russia,RU,"Altai Krai",RU-ALT,2317052,0/0/0/0/0,0/0/0/0/0,0/0/0/0/0,0/0/0/0/0,0/0/0/0/0,0/0/0/0/0,0/0/0/0/0,0/0/0/0/0,0/0/0/0/0
Russia,RU,"Altai Republic",RU-AL,220140,0/0/0/0/0,0/0/0/0/0,0/0/0/0/0,0/0/0/0/0,0/0/0/0/0,0/0/0/0/0,0/0/0/0/0,0/0/0/0/0,0/0/0/0/0
Russia,RU,"Amur oblast",RU-AMU,790676,0/0/0/0/0,0/0/0/0/0,0/0/0/0/0,0/0/0/0/0,0/0/0/0/0,0/0/0/0/0,0/0/0/0/0,0/0/0/0/0,0/0/0/0/0
Russia,RU,"Arkhangelsk region",RU-ARK,1136387,0/0/0/0/0,0/0/0/0/0,0/0/0/0/0,0/0/0/0/0,0/0/0/0/0,0/0/0/0/0,0/0/0/0/0,0/0/0/0/0,0/0/0/0/0
Russia,RU,"Astrakhan oblast",RU-AST,1005967,0/0/0/0/0,0/0/0/0/0,0/0/0/0/0,0/0/0/0/0,0/0/0/0/0,0/0/0/0/0,0/0/0/0/0,0/0/0/0/0,0/0/0/0/0
Russia,RU,Bashkortostan,RU-BA,4037811,0/0/0/0/0,0/0/0/0/0,0/0/0/0/0,0/0/0/0/0,0/0/0/0/0,0/0/0/0/0,0/0/0/0/0,0/0/0/0/0,0/0/0/0/0
Russia,RU,"Belgorod Oblast",RU-BEL,1547532,0/0/0/0/0,0/0/0/0/0,0/0/0/0/0,0/0/0/0/0,0/0/0/0/0,0/0/0/0/0,0/0/0/0/0,0/0/0/0/0,0/0/0/0/0
Russia,RU,"Bryansk Oblast",RU-BRY,1192570,0/0/0/0/0,0/0/0/0/0,0/0/0/0/0,0/0/0/0/0,0/0/0/0/0,0/0/0/0/0,0/0/0/0/0,0/0/0/0/0,0/0/0/0/0
Russia,RU,"Chechen Republic",RU-CE,1476752,0/0/0/0/0,0/0/0/0/0,0/0/0/0/0,0/0/0/0/0,0/0/0/0/0,0/0/0/0/0,0/0/0/0/0,0/0/0/0/0,0/0/0/0/0
Russia,RU,"Chelyabinsk region",RU-CHE,3466960,0/0/0/0/0,0/0/0/0/0,0/0/0/0/0,0/0/0/0/0,0/0/0/0/0,0/0/0/0/0,0/0/0/0/0,0/0/0/0/0,0/0/0/0/0
Russia,RU,"Chukotka Autonomous Okrug",RU-CHU,50726,0/0/0/0/0,0/0/0/0/0,0/0/0/0/0,0/0/0/0/0,0/0/0/0/0,0/0/0/0/0,0/0/0/0/0,0/0/0/0/0,0/0/0/0/0
Russia,RU,"Chuvash Republic",RU-CU,1217820,0/0/0/0/0,0/0/0/0/0,0/0/0/0/0,0/0/0/0/0,0/0/0/0/0,0/0/0/0/0,0/0/0/0/0,0/0/0/0/0,0/0/0/0/0
Russia,RU,"Irkutsk oblast",RU-IRK,2390827,0/0/0/0/0,0/0/0/0/0,0/0/0/0/0,0/0/0/0/0,0/0/0/0/0,0/0/0/0/0,0/0/0/0/0,0/0/0/0/0,0/0/0/0/0
Russia,RU,"Ivanovo region",RU-IVA,997196,0/0/0/0/0,0/0/0/0/0,0/0/0/0/0,0/0/0/0/0,0/0/0/0/0,0/0/0/0/0,0/0/0/0/0,0/0/0/0/0,0/0/0/0/0
Russia,RU,"Jewish autonomous oblast",RU-YEV,158381,0/0/0/0/0,0/0/0/0/0,0/0/0/0/0,0/0/0/0/0,0/0/0/0/0,0/0/0/0/0,0/0/0/0/0,0/0/0/0/0,0/0/0/0/0
Russia,RU,"Kabardino-Balkarian Republic",RU-KB,868174,0/0/0/0/0,0/0/0/0/0,0/0/0/0/0,0/0/0/0/0,0/0/0/0/0,0/0/0/0/0,0/0/0/0/0,0/0/0/0/0,0/0/0/0/0
Russia,RU,"Kaliningrad Oblast",RU-KGD,1012253,0/0/0/0/0,0/0/0/0/0,0/0/0/0/0,0/0/0/0/0,0/0/0/0/0,0/0/0/0/0,0/0/0/0/0,0/0/0/0/0,0/0/0/0/0
Russia,RU,"Kaluga region",RU-KLU,1000070,0/0/0/0/0,0/0/0/0/0,0/0/0/0/0,0/0/0/0/0,0/0/0/0/0,0/0/0/0/0,0/0/0/0/0,0/0/0/0/0,0/0/0/0/0
Russia,RU,"Kamchatka Krai",RU-KAM,312438,0/0/0/0/0,0/0/0/0/0,0/0/0/0/0,0/0/0/0/0,0/0/0/0/0,0/0/0/0/0,0/0/0/0/0,0/0/0/0/0,0/0/0/0/0
Russia,RU,"Karachay-Cherkess Republic",RU-KC,465669,0/0/0/0/0,0/0/0/0/0,0/0/0/0/0,0/0/0/0/0,0/0/0/0/0,0/0/0/0/0,0/0/0/0/0,0/0/0/0/0,0/0/0/0/0
Russia,RU,"Kemerovo Oblast",RU-KEM,2657758,0/0/0/0/0,0/0/0/0/0,0/0/0/0/0,0/0/0/0/0,0/0/0/0/0,0/0/0/0/0,0/0/0/0/0,0/0/0/0/0,0/0/0/0/0
Russia,RU,"Khabarovsk territory",RU-KHA,1315310,0/0/0/0/0,0/0/0/0/0,0/0/0/0/0,0/0/0/0/0,0/0/0/0/0,0/0/0/0/0,0/0/0/0/0,0/0/0/0/0,0/0/0/0/0
Russia,RU,"Khanty-Mansi Autonomous Okrug",RU-KHM,1532243,0/0/0/0/0,0/0/0/0/0,0/0/0/0/0,0/0/0/0/0,0/0/0/0/0,0/0/0/0/0,0/0/0/0/0,0/0/0/0/0,0/0/0/0/0
Russia,RU,"Kirov region",RU-KIR,1262549,0/0/0/0/0,0/0/0/0/0,0/0/0/0/0,0/0/0/0/0,0/0/0/0/0,0/0/0/0/0,0/0/0/0/0,0/0/0/0/0,0/0/0/0/0
Russia,RU,"Komi Republic",RU-KO,820171,0/0/0/0/0,0/0/0/0/0,0/0/0/0/0,0/0/0/0/0,0/0/0/0/0,0/0/0/0/0,0/0/0/0/0,0/0/0/0/0,0/0/0/0/0
Russia,RU,"Kostroma oblast",RU-KOS,633392,0/0/0/0/0,0/0/0/0/0,0/0/0/0/0,0/0/0/0/0,0/0/0/0/0,0/0/0/0/0,0/0/0/0/0,0/0/0/0/0,0/0/0/0/0
Russia,RU,"Krasnodar region",RU-KDA,5677786,0/0/0/0/0,0/0/0/0/0,0/0/0/0/0,0/0/0/0/0,0/0/0/0/0,0/0/0/0/0,0/0/0/0/0,0/0/0/0/0,0/0/0/0/0
Russia,RU,"Krasnoyarsk region",RU-KYA,2867875,0/0/0/0/0,0/0/0/0/0,0/0/0/0/0,0/0/0/0/0,0/0/0/0/0,0/0/0/0/0,0/0/0/0/0,0/0/0/0/0,0/0/0/0/0
Russia,RU,"Kurgan region",RU-KGN,826941,0/0/0/0/0,0/0/0/0/0,0/0/0/0/0,0/0/0/0/0,0/0/0/0/0,0/0/0/0/0,0/0/0/0/0,0/0/0/0/0,0/0/0/0/0
Russia,RU,"Kursk oblast",RU-KRS,1103059,0/0/0/0/0,0/0/0/0/0,0/0/0/0/0,0/0/0/0/0,0/0/0/0/0,0/0/0/0/0,0/0/0/0/0,0/0/0/0/0,0/0/0/0/0
Russia,RU,"Leningrad region",RU-LEN,1876392,0/0/0/0/0,0/0/0/0/0,0/0/0/0/0,0/0/0/0/0,0/0/0/0/0,0/0/0/0/0,0/0/0/0/0,0/0/0/0/0,0/0/0/0/0
Russia,RU,"Lipetsk Oblast",RU-LIP,1139492,0/0/0/0/0,0/0/0/0/0,0/0/0/0/0,0/0/0/0/0,0/0/0/0/0,0/0/0/0/0,0/0/0/0/0,0/0/0/0/0,0/0/0/0/0
Russia,RU,"Magadan oblast",RU-MAG,140199,0/0/0/0/0,0/0/0/0/0,0/0/0/0/0,0/0/0/0/0,0/0/0/0/0,0/0/0/0/0,0/0/0/0/0,0/0/0/0/0,0/0/0/0/0
Russia,RU,Moscow,RU-MOW,12692466,0/0/0/0/0,0/0/0/0/0,0/0/0/0/0,0/0/0/0/0,0/0/0/0/0,0/0/0/0/0,0/0/0/0/0,0/0/0/0/0,0/0/0/0/0
Russia,RU,"Moscow oblast",RU-MOS,7687647,0/0/0/0/0,0/0/0/0/0,0/0/0/0/0,0/0/0/0/0,0/0/0/0/0,0/0/0/0/0,0/0/0/0/0,0/0/0/0/0,0/0/0/0/0
Russia,RU,"Murmansk region",RU-MUR,741511,0/0/0/0/0,0/0/0/0/0,0/0/0/0/0,0/0/0/0/0,0/0/0/0/0,0/0/0/0/0,0/0/0/0/0,0/0/0/0/0,0/0/0/0/0
Russia,RU,"Nenets Autonomous Okrug",RU-NEN,44110,0/0/0/0/0,0/0/0/0/0,0/0/0/0/0,0/0/0/0/0,0/0/0/0/0,0/0/0/0/0,0/0/0/0/0,0/0/0/0/0,0/0/0/0/0
Russia,RU,"Nizhny Novgorod region",RU-NIZ,3203818,0/0/0/0/0,0/0/0/0/0,0/0/0/0/0,0/0/0/0/0,0/0/0/0/0,0/0/0/0/0,0/0/0/0/0,0/0/0/0/0,0/0/0/0/0
Russia,RU,"Novgorod region",RU-NGR,596173,0/0/0/0/0,0/0/0/0/0,0/0/0/0/0,0/0/0/0/0,0/0/0/0/0,0/0/0/0/0,0/0/0/0/0,0/0/0/0/0,0/0/0/0/0
Russia,RU,"Novosibirsk region",RU-NVS,2798251,0/0/0/0/0,0/0/0/0/0,0/0/0/0/0,0/0/0/0/0,0/0/0/0/0,0/0/0/0/0,0/0/0/0/0,0/0/0/0/0,0/0/0/0/0
Russia,RU,"Omsk oblast",RU-OMS,1926562,0/0/0/0/0,0/0/0/0/0,0/0/0/0/0,0/0/0/0/0,0/0/0/0/0,0/0/0/0/0,0/0/0/0/0,0/0/0/0/0,0/0/0/0/0
Russia,RU,"Orel region",RU-ORL,733682,0/0/0/0/0,0/0/0/0/0,0/0/0/0/0,0/0/0/0/0,0/0/0/0/0,0/0/0/0/0,0/0/0/0/0,0/0/0/0/0,0/0/0/0/0
Russia,RU,"Orenburg region",RU-ORE,1956256,0/0/0/0/0,0/0/0/0/0,0/0/0/0/0,0/0/0/0/0,0/0/0/0/0,0/0/0/0/0,0/0/0/0/0,0/0/0/0/0,0/0/0/0/0
Russia,RU,"Penza region",RU-PNZ,1304825,0/0/0/0/0,0/0/0/0/0,0/0/0/0/0,0/0/0/0/0,0/0/0/0/0,0/0/0/0/0,0/0/0/0/0,0/0/0/0/0,0/0/0/0/0
Russia,RU,"Perm region",RU-PER,2599301,0/0/0/0/0,0/0/0/0/0,0/0/0/0/0,0/0/0/0/0,0/0/0/0/0,0/0/0/0/0,0/0/0/0/0,0/0/0/0/0,0/0/0/0/0
Russia,RU,"Primorsky Krai",RU-PRI,1895305,0/0/0/0/0,0/0/0/0/0,0/0/0/0/0,0/0/0/0/0,0/0/0/0/0,0/0/0/0/0,0/0/0/0/0,0/0/0/0/0,0/0/0/0/0
Russia,RU,"Pskov Oblast",RU-PSK,626046,0/0/0/0/0,0/0/0/0/0,0/0/0/0/0,0/0/0/0/0,0/0/0/0/0,0/0/0/0/0,0/0/0/0/0,0/0/0/0/0,0/0/0/0/0
Russia,RU,"Republic Of Khakassia",RU-KK,534186,0/0/0/0/0,0/0/0/0/0,0/0/0/0/0,0/0/0/0/0,0/0/0/0/0,0/0/0/0/0,0/0/0/0/0,0/0/0/0/0,0/0/0/0/0
Russia,RU,"Republic of Buryatia",RU-BU,986109,0/0/0/0/0,0/0/0/0/0,0/0/0/0/0,0/0/0/0/0,0/0/0/0/0,0/0/0/0/0,0/0/0/0/0,0/0/0/0/0,0/0/0/0/0
Russia,RU,"Republic of Crimea",RU-43,1912025,0/0/0/0/0,0/0/0/0/0,0/0/0/0/0,0/0/0/0/0,0/0/0/0/0,0/0/0/0/0,0/0/0/0/0,0/0/0/0/0,0/0/0/0/0
Russia,RU,"Republic of Dagestan",RU-DA,3111353,0/0/0/0/0,0/0/0/0/0,0/0/0/0/0,0/0/0/0/0,0/0/0/0/0,0/0/0/0/0,0/0/0/0/0,0/0/0/0/0,0/0/0/0/0
Russia,RU,"Republic of Kalmykia",RU-KL,271035,0/0/0/0/0,0/0/0/0/0,0/0/0/0/0,0/0/0/0/0,0/0/0/0/0,0/0/0/0/0,0/0/0/0/0,0/0/0/0/0,0/0/0/0/0
Russia,RU,"Republic of Karelia",RU-KR,614628,0/0/0/0/0,0/0/0/0/0,0/0/0/0/0,0/0/0/0/0,0/0/0/0/0,0/0/0/0/0,0/0/0/0/0,0/0/0/0/0,0/0/0/0/0
Russia,RU,"Republic of Mari El",RU-ME,679094,0/0/0/0/0,0/0/0/0/0,0/0/0/0/0,0/0/0/0/0,0/0/0/0/0,0/0/0/0/0,0/0/0/0/0,0/0/0/0/0,0/0/0/0/0
Russia,RU,"Republic of Mordovia",RU-MO,790829,0/0/0/0/0,0/0/0/0/0,0/0/0/0/0,0/0/0/0/0,0/0/0/0/0,0/0/0/0/0,0/0/0/0/0,0/0/0/0/0,0/0/0/0/0
Russia,RU,"Republic of Tatarstan",RU-TA,3902642,0/0/0/0/0,0/0/0/0/0,0/0/0/0/0,0/0/0/0/0,0/0/0/0/0,0/0/0/0/0,0/0/0/0/0,0/0/0/0/0,0/0/0/0/0
Russia,RU,"Rostov oblast",RU-ROS,4195327,0/0/0/0/0,0/0/0/0/0,0/0/0/0/0,0/0/0/0/0,0/0/0/0/0,0/0/0/0/0,0/0/0/0/0,0/0/0/0/0,0/0/0/0/0
Russia,RU,"Ryazan region",RU-RYA,1108924,0/0/0/0/0,0/0/0/0/0,0/0/0/0/0,0/0/0/0/0,0/0/0/0/0,0/0/0/0/0,0/0/0/0/0,0/0/0/0/0,0/0/0/0/0
Russia,RU,"Saint Petersburg",RU-SPE,5392992,0/0/0/0/0,0/0/0/0/0,0/0/0/0/0,0/0/0/0/0,0/0/0/0/0,0/0/0/0/0,0/0/0/0/0,0/0/0/0/0,0/0/0/0/0
Russia,RU,"Sakhalin oblast",RU-SAK,488453,0/0/0/0/0,0/0/0/0/0,0/0/0/0/0,0/0/0/0/0,0/0/0/0/0,0/0/0/0/0,0/0/0/0/0,0/0/0/0/0,0/0/0/0/0
Russia,RU,"Samara region",RU-SAM,3179026,0/0/0/0/0,0/0/0/0/0,0/0/0/0/0,0/0/0/0/0,0/0/0/0/0,0/0/0/0/0,0/0/0/0/0,0/0/0/0/0,0/0/0/0/0
Russia,RU,"Saratov region",RU-SAR,2421785,0/0/0/0/0,0/0/0/0/0,0/0/0/0/0,0/0/0/0/0,0/0/0/0/0,0/0/0/0/0,0/0/0/0/0,0/0/0/0/0,0/0/0/0/0
Russia,RU,Sevastopol,RU-40,448829,0/0/0/0/0,0/0/0/0/0,0/0/0/0/0,0/0/0/0/0,0/0/0/0/0,0/0/0/0/0,0/0/0/0/0,0/0/0/0/0,0/0/0/0/0
Russia,RU,"Smolensk oblast",RU-SMO,934747,0/0/0/0/0,0/0/0/0/0,0/0/0/0/0,0/0/0/0/0,0/0/0/0/0,0/0/0/0/0,0/0/0/0/0,0/0/0/0/0,0/0/0/0/0
Russia,RU,"Stavropol Krai",RU-STA,2803021,0/0/0/0/0,0/0/0/0/0,0/0/0/0/0,0/0/0/0/0,0/0/0/0/0,0/0/0/0/0,0/0/0/0/0,0/0/0/0/0,0/0/0/0/0
Russia,RU,"Sverdlovsk region",RU-SVE,4310861,0/0/0/0/0,0/0/0/0/0,0/0/0/0/0,0/0/0/0/0,0/0/0/0/0,0/0/0/0/0,0/0/0/0/0,0/0/0/0/0,0/0/0/0/0
Russia,RU,"Tambov region",RU-TAM,1006962,0/0/0/0/0,0/0/0/0/0,0/0/0/0/0,0/0/0/0/0,0/0/0/0/0,0/0/0/0/0,0/0/0/0/0,0/0/0/0/0,0/0/0/0/0
Russia,RU,"The Republic of Ingushetia",RU-IN,506688,0/0/0/0/0,0/0/0/0/0,0/0/0/0/0,0/0/0/0/0,0/0/0/0/0,0/0/0/0/0,0/0/0/0/0,0/0/0/0/0,0/0/0/0/0
Russia,RU,"The Republic of North Ossetia â€“ Alania",RU-SE,697064,0/0/0/0/0,0/0/0/0/0,0/0/0/0/0,0/0/0/0/0,0/0/0/0/0,0/0/0/0/0,0/0/0/0/0,0/0/0/0/0,0/0/0/0/0
Russia,RU,"Tomsk region",RU-TOM,1079051,0/0/0/0/0,0/0/0/0/0,0/0/0/0/0,0/0/0/0/0,0/0/0/0/0,0/0/0/0/0,0/0/0/0/0,0/0/0/0/0,0/0/0/0/0
Russia,RU,"Transbaikal territory",RU-ZAB,1059657,0/0/0/0/0,0/0/0/0/0,0/0/0/0/0,0/0/0/0/0,0/0/0/0/0,0/0/0/0/0,0/0/0/0/0,0/0/0/0/0,0/0/0/0/0
Russia,RU,"Tula region",RU-TUL,1466025,0/0/0/0/0,0/0/0/0/0,0/0/0/0/0,0/0/0/0/0,0/0/0/0/0,0/0/0/0/0,0/0/0/0/0,0/0/0/0/0,0/0/0/0/0
Russia,RU,"Tuva Republic",RU-TY,327388,0/0/0/0/0,0/0/0/0/0,0/0/0/0/0,0/0/0/0/0,0/0/0/0/0,0/0/0/0/0,0/0/0/0/0,0/0/0/0/0,0/0/0/0/0
Russia,RU,"Tver region",RU-TVE,1260345,0/0/0/0/0,0/0/0/0/0,0/0/0/0/0,0/0/0/0/0,0/0/0/0/0,0/0/0/0/0,0/0/0/0/0,0/0/0/0/0,0/0/0/0/0
Russia,RU,"Tyumen region",RU-TYU,3755778,0/0/0/0/0,0/0/0/0/0,0/0/0/0/0,0/0/0/0/0,0/0/0/0/0,0/0/0/0/0,0/0/0/0/0,0/0/0/0/0,0/0/0/0/0
Russia,RU,"Udmurt Republic",RU-UD,1501005,0/0/0/0/0,0/0/0/0/0,0/0/0/0/0,0/0/0/0/0,0/0/0/0/0,0/0/0/0/0,0/0/0/0/0,0/0/0/0/0,0/0/0/0/0
Russia,RU,"Ulyanovsk region",RU-ULY,1229687,0/0/0/0/0,0/0/0/0/0,0/0/0/0/0,0/0/0/0/0,0/0/0/0/0,0/0/0/0/0,0/0/0/0/0,0/0/0/0/0,0/0/0/0/0
Russia,RU,"Vladimir region",RU-VLA,1358538,0/0/0/0/0,0/0/0/0/0,0/0/0/0/0,0/0/0/0/0,0/0/0/0/0,0/0/0/0/0,0/0/0/0/0,0/0/0/0/0,0/0/0/0/0
Russia,RU,"Volgograd oblast",RU-VGG,2491751,0/0/0/0/0,0/0/0/0/0,0/0/0/0/0,0/0/0/0/0,0/0/0/0/0,0/0/0/0/0,0/0/0/0/0,0/0/0/0/0,0/0/0/0/0
Russia,RU,"Vologda oblast",RU-VLG,1160721,0/0/0/0/0,0/0/0/0/0,0/0/0/0/0,0/0/0/0/0,0/0/0/0/0,0/0/0/0/0,0/0/0/0/0,0/0/0/0/0,0/0/0/0/0
Russia,RU,"Voronezh region",RU-VOR,2323657,0/0/0/0/0,0/0/0/0/0,0/0/0/0/0,0/0/0/0/0,0/0/0/0/0,0/0/0/0/0,0/0/0/0/0,0/0/0/0/0,0/0/0/0/0
Russia,RU,Yakutia,RU-SA,970105,0/0/0/0/0,0/0/0/0/0,0/0/0/0/0,0/0/0/0/0,0/0/0/0/0,0/0/0/0/0,0/0/0/0/0,0/0/0/0/0,0/0/0/0/0
Russia,RU,"Yamalo-Nenets Autonomous district",RU-YAN,544008,0/0/0/0/0,0/0/0/0/0,0/0/0/0/0,0/0/0/0/0,0/0/0/0/0,0/0/0/0/0,0/0/0/0/0,0/0/0/0/0,0/0/0/0/0
Russia,RU,"Yaroslavl oblast",RU-YAR,1253189,0/0/0/0/0,0/0/0/0/0,0/0/0/0/0,0/0/0/0/0,0/0/0/0/0,0/0/0/0/0,0/0/0/0/0,0/0/0/0/0,0/0/0/0/0
Rwanda,RW,,,11055976,0/0/133208/0/1468,0/0/133208/0/1468,0/0/133208/0/1468,0/0/133220/0/1468,0/0/133235/0/1468,0/0/133252/0/1468,0/0/133261/0/1468,0/0/133264/0/1468,0/0/133264/0/1468
"Saint Barthelemy",BL,,,8450,0/0/5507/0/5,0/0/5507/0/5,0/0/5507/0/5,0/0/5507/0/5,0/0/5507/0/5,0/0/5507/0/5,0/0/5507/0/5,0/0/5507/0/5,0/0/5507/0/5
"Saint Helena, Ascension and Tristan da Cunha",SH,,,7460,0/0/2166/0/0,0/0/2166/0/0,0/0/2166/0/0,0/0/2166/0/0,0/0/2166/0/0,0/0/2166/0/0,0/0/2166/0/0,0/0/2166/0/0,0/0/2166/0/0
"Saint Kitts and Nevis",KN,,,51134,0/0/6607/0/46,0/0/6607/0/46,0/0/6607/0/46,0/0/6607/0/46,0/0/6607/0/46,0/0/6607/0/46,0/0/6607/0/46,0/0/6607/0/46,0/0/6607/0/46
"Saint Lucia",LC,,,160922,0/0/30209/0/410,0/0/30215/0/410,0/0/30069/0/409,0/0/30252/0/410,0/0/30252/0/410,0/0/30257/0/410,0/0/30257/0/410,0/0/30282/0/410,0/0/30282/0/410
"Saint Martin (French part)",MF,,,35925,0/0/12324/0/46,0/0/12324/0/46,0/0/12324/0/46,0/0/12324/0/46,0/0/12324/0/46,0/0/12324/0/46,0/0/12324/0/46,0/0/12324/0/46,0/0/12324/0/46
"Saint Pierre and Miquelon",PM,,,7012,0/0/3426/0/2,0/0/3426/0/2,0/0/3426/0/2,0/0/3426/0/2,0/0/3426/0/2,0/0/3426/0/2,0/0/3426/0/2,0/0/3426/0/2,0/0/3426/0/2
"Saint Vincent and the Grenadines",VC,,,104217,0/0/9674/0/124,0/0/9674/0/124,0/0/9674/0/124,0/0/9674/0/124,0/0/9674/0/124,0/0/9674/0/124,0/0/9674/0/124,0/0/9674/0/124,0/0/9674/0/124
Samoa,WS,,,192001,0/0/16780/0/31,0/0/16962/0/31,0/0/16962/0/31,0/0/17057/0/31,0/0/17057/0/31,0/0/17057/0/31,0/0/17057/0/31,0/0/17057/0/31,0/0/17057/0/31
"San Marino",SM,,,34590,0/0/25292/0/126,0/0/25292/0/126,0/0/25292/0/126,0/0/25292/0/126,0/0/25292/0/126,0/0/25292/0/126,0/0/25292/0/126,0/0/25292/0/126,0/0/25292/0/126
"Sao Tome and Principe",ST,,,175808,0/0/6734/0/80,0/0/6734/0/80,0/0/6736/0/80,0/0/6749/0/80,0/0/6770/0/80,0/0/6771/0/80,0/0/6771/0/80,0/0/6771/0/80,0/0/6771/0/80
"Saudi Arabia",SA,,,25731776,0/0/841469/0/9646,0/0/841469/0/9646,0/0/841469/0/9646,0/0/841469/0/9646,0/0/841469/0/9646,0/0/841469/0/9646,0/0/841469/0/9646,0/0/841469/0/9646,0/0/841469/0/9646
Senegal,SN,,,12323252,0/0/89050/0/1971,0/0/89050/0/1971,0/0/89050/0/1971,0/0/89067/0/1971,0/0/89076/0/1971,0/0/89078/0/1971,0/0/89383/0/1971,0/0/89485/0/1971,0/0/89485/0/1971
Serbia,RS,,,6963764,0/0/2583470/0/18057,0/0/2583470/0/18057,0/0/2583470/0/18057,0/0/2583470/0/18057,0/0/2583470/0/18057,0/0/2583470/0/18057,0/0/2583470/0/18057,0/0/2583470/0/18057,0/0/2583470/0/18057
Seychelles,SC,,,88340,0/0/51220/0/172,0/0/51220/0/172,0/0/51220/0/172,0/0/51672/0/172,0/0/51686/0/172,0/0/51695/0/172,0/0/51790/0/172,0/0/51886/0/172,0/0/51886/0/172
"Sierra Leone",SL,,,5245695,0/0/7779/0/125,0/0/7779/0/125,0/0/7779/0/125,0/0/7794/0/125,0/0/7810/0/125,0/0/7836/0/125,0/0/7836/0/125,0/0/7979/0/125,0/0/7979/0/125
Singapore,SG,,,4701069,0/0/2924515/0/1933,0/0/2988415/0/1954,0/0/3003705/0/2024,0/0/3006155/0/2024,0/0/3006155/0/2024,0/0/3006155/0/2024,0/0/3006155/0/2024,0/0/3006155/0/2024,0/0/3006155/0/2024
Slovakia,SK,,,5450421,0/0/1873332/0/21186,0/0/1877065/0/21218,0/0/1877505/0/21221,0/0/1877694/0/21225,0/0/1877735/0/21226,0/0/1877759/0/21226,0/0/1877812/0/21226,0/0/1877941/0/21226,0/0/1878002/0/21227
Slovenia,SI,,,2080908,0/0/1352790/0/9715,0/0/1355444/0/9957,0/0/1355748/0/10025,0/0/1355844/0/10049,0/0/1355879/0/10056,0/0/1355934/0/10059,0/0/1356079/0/10065,0/0/1356434/0/10079,0/0/1356582/0/10083
"Solomon Islands",SB,,,559198,0/0/25954/0/199,0/0/25954/0/199,0/0/25954/0/199,0/0/25954/0/199,0/0/25954/0/199,0/0/25954/0/199,0/0/25954/0/199,0/0/25954/0/199,0/0/25954/0/199
Somalia,SO,,,10112453,0/0/27334/0/1361,0/0/27334/0/1361,0/0/27334/0/1361,0/0/27334/0/1361,0/0/27334/0/1361,0/0/27334/0/1361,0/0/27334/0/1361,0/0/27334/0/1361,0/0/27334/0/1361
"South Africa",ZA,,,49000000,0/0/4072636/0/102595,0/0/4072636/0/102595,0/0/4072636/0/102595,0/0/4072648/0/102595,0/0/4072677/0/102595,0/0/4072708/0/102595,0/0/4072738/0/102595,0/0/4072765/0/102595,0/0/4072765/0/102595
"South Sudan",SS,,,8260490,0/0/18819/0/147,0/0/18819/0/147,0/0/18819/0/147,0/0/18820/0/147,0/0/18823/0/147,0/0/18823/0/147,0/0/18823/0/147,0/0/18823/0/147,0/0/18823/0/147
Spain,ES,,,46937060,0/0/13980340/0/121852,0/0/13980340/0/121852,0/0/13980340/0/121852,0/0/13980340/0/121852,0/0/13980340/0/121852,0/0/13980340/0/121852,0/0/13980340/0/121852,0/0/13980340/0/121852,0/0/13980340/0/121852
"Sri Lanka",LK,,,21513990,0/0/672707/0/16890,0/0/672744/0/16893,0/0/672749/0/16897,0/0/672754/0/16899,0/0/672754/0/16899,0/0/672768/0/16901,0/0/672791/0/16907,0/0/672797/0/16907,0/0/672798/0/16907
Sudan,SD,,,35000000,0/0/63993/0/5046,0/0/63993/0/5046,0/0/63993/0/5046,0/0/63993/0/5046,0/0/63993/0/5046,0/0/63993/0/5046,0/0/63993/0/5046,0/0/63993/0/5046,0/0/63993/0/5046
"Summer Olympics 2020",,,,,0/0/0/0/0,0/0/0/0/0,0/0/0/0/0,0/0/0/0/0,0/0/0/0/0,0/0/0/0/0,0/0/0/0/0,0/0/0/0/0,0/0/0/0/0
Suriname,SR,,,492829,0/0/82506/0/1404,0/0/82506/0/1404,0/0/82496/0/1405,0/0/82496/0/1405,0/0/82496/0/1405,0/0/82497/0/1405,0/0/82500/0/1405,0/0/82501/0/1406,0/0/82501/0/1406
Sweden,SE,,,10230185,0/0/2742386/0/26098,0/0/2749793/0/27053,0/0/2750867/0/27204,0/0/2751440/0/27257,0/0/2751725/0/27273,0/0/2752169/0/27301,0/0/2752994/0/27334,0/0/2754551/0/27371,0/0/2755181/0/27399
Switzerland,CH,,,8544527,0/0/4441768/0/14169,0/0/4450977/0/14178,0/0/4452370/0/14185,0/0/4453191/0/14188,0/0/4453558/0/14188,0/0/4454104/0/14188,0/0/4455418/0/14170,0/0/4457442/0/14170,0/0/4457868/0/14170
Syria,SY,,,22198110,0/0/57423/0/3163,0/0/57423/0/3163,0/0/57423/0/3163,0/0/57423/0/3163,0/0/57423/0/3163,0/0/57423/0/3163,0/0/57423/0/3163,0/0/57423/0/3163,0/0/57423/0/3163
Taiwan*,TW,,,22894384,0/0/0/0/0,0/0/0/0/0,0/0/0/0/0,0/0/0/0/0,0/0/0/0/0,0/0/0/0/0,0/0/0/0/0,0/0/0/0/0,0/0/0/0/0
Tajikistan,TJ,,,7487489,0/0/17786/0/125,0/0/17786/0/125,0/0/17786/0/125,0/0/17786/0/125,0/0/17786/0/125,0/0/17786/0/125,0/0/17786/0/125,0/0/17786/0/125,0/0/17786/0/125
Tanzania,TZ,,,41892895,0/0/43223/0/846,0/0/43223/0/846,0/0/43223/0/846,0/0/43224/0/846,0/0/43225/0/846,0/0/43226/0/846,0/0/43230/0/846,0/0/43230/0/846,0/0/43230/0/846
Thailand,TH,,,67089500,0/0/4762375/0/34517,0/0/4765003/0/34547,0/0/4767238/0/34567,0/0/4770005/0/34583,0/0/4774304/0/34602,0/0/4781659/0/34647,0/0/4794244/0/34693,0/0/4798620/0/34714,0/0/4799180/0/34715
Timor-Leste,TL,,,1154625,0/0/23460/0/138,0/0/23460/0/138,0/0/23460/0/138,0/0/23460/0/138,0/0/23460/0/138,0/0/23460/0/138,0/0/23460/0/138,0/0/23460/0/138,0/0/23460/0/138
Togo,TG,,,6587239,0/0/39527/0/290,0/0/39527/0/290,0/0/39527/0/290,0/0/39528/0/290,0/0/39530/0/290,0/0/39530/0/290,0/0/39530/0/290,0/0/39530/0/290,0/0/39530/0/290
Tokelau,TK,,,1466,0/0/80/0/0,0/0/80/0/0,0/0/80/0/0,0/0/80/0/0,0/0/80/0/0,0/0/80/0/0,0/0/80/0/0,0/0/80/0/0,0/0/80/0/0
Tonga,TO,,,122580,0/0/16888/0/12,0/0/16950/0/12,0/0/16950/0/12,0/0/16958/0/12,0/0/16958/0/12,0/0/16958/0/12,0/0/16970/0/12,0/0/16976/0/12,0/0/16976/0/12
"Trinidad and Tobago",TT,,,1228691,0/0/191496/0/4390,0/0/191496/0/4390,0/0/191496/0/4390,0/0/191496/0/4390,0/0/191496/0/4390,0/0/191496/0/4390,0/0/191496/0/4390,0/0/191496/0/4390,0/0/191496/0/4390
Tunisia,TN,,,10589025,0/0/1153361/0/29423,0/0/1153361/0/29423,0/0/1153361/0/29423,0/0/1153361/0/29423,0/0/1153361/0/29423,0/0/1153361/0/29423,0/0/1153361/0/29423,0/0/1153361/0/29423,0/0/1153361/0/29423
Turkey,TR,,,82003882,0/0/17004677/0/101419,0/0/17004677/0/101419,0/0/17004677/0/101419,0/0/17004714/0/101419,0/0/17004714/0/101419,0/0/17004714/0/101419,0/0/17004717/0/101419,0/0/17004718/0/101419,0/0/17004718/0/101419
Tuvalu,TV,,,10472,0/0/2943/0/1,0/0/2943/0/1,0/0/2943/0/1,0/0/2943/0/1,0/0/2943/0/1,0/0/2943/0/1,0/0/2943/0/1,0/0/2943/0/1,0/0/2943/0/1
US,US,,,310232863,0/0/25389/0/132,0/0/25389/0/132,0/0/25389/0/132,0/0/25389/0/132,0/0/25389/0/132,0/0/25389/0/132,0/0/25389/0/132,0/0/25389/0/132,0/0/25389/0/132
US,US,Alabama,US-AL,4903185,0/0/0/0/0,0/0/0/0/0,0/0/0/0/0,0/0/0/0/0,0/0/0/0/0,0/0/0/0/0,0/0/0/0/0,0/0/0/0/0,0/0/0/0/0
US,US,Alaska,US-AK,731545,0/0/0/0/0,0/0/0/0/0,0/0/0/0/0,0/0/0/0/0,0/0/0/0/0,0/0/0/0/0,0/0/0/0/0,0/0/0/0/0,0/0/0/0/0
US,US,"American Samoa",US-AS,55641,0/0/0/0/0,0/0/0/0/0,0/0/0/0/0,0/0/0/0/0,0/0/0/0/0,0/0/0/0/0,0/0/0/0/0,0/0/0/0/0,0/0/0/0/0
US,US,Arizona,US-AZ,7278717,0/0/0/0/0,0/0/0/0/0,0/0/0/0/0,0/0/0/0/0,0/0/0/0/0,0/0/0/0/0,0/0/0/0/0,0/0/0/0/0,0/0/0/0/0
US,US,Arkansas,US-AR,3017825,0/0/0/0/0,0/0/0/0/0,0/0/0/0/0,0/0/0/0/0,0/0/0/0/0,0/0/0/0/0,0/0/0/0/0,0/0/0/0/0,0/0/0/0/0
US,US,California,US-CA,39512223,0/0/0/0/0,0/0/0/0/0,0/0/0/0/0,0/0/0/0/0,0/0/0/0/0,0/0/0/0/0,0/0/0/0/0,0/0/0/0/0,0/0/0/0/0
US,US,Colorado,US-CO,5758736,0/0/0/0/0,0/0/0/0/0,0/0/0/0/0,0/0/0/0/0,0/0/0/0/0,0/0/0/0/0,0/0/0/0/0,0/0/0/0/0,0/0/0/0/0
US,US,Connecticut,US-CT,3565287,0/0/0/0/0,0/0/0/0/0,0/0/0/0/0,0/0/0/0/0,0/0/0/0/0,0/0/0/0/0,0/0/0/0/0,0/0/0/0/0,0/0/0/0/0
US,US,Delaware,US-DE,973764,0/0/0/0/0,0/0/0/0/0,0/0/0/0/0,0/0/0/0/0,0/0/0/0/0,0/0/0/0/0,0/0/0/0/0,0/0/0/0/0,0/0/0/0/0
US,US,"Diamond Princess",,3711,0/0/0/0/0,0/0/0/0/0,0/0/0/0/0,0/0/0/0/0,0/0/0/0/0,0/0/0/0/0,0/0/0/0/0,0/0/0/0/0,0/0/0/0/0
US,US,"District of Columbia",US-DC,705749,0/0/0/0/0,0/0/0/0/0,0/0/0/0/0,0/0/0/0/0,0/0/0/0/0,0/0/0/0/0,0/0/0/0/0,0/0/0/0/0,0/0/0/0/0
US,US,"Federal Bureau of Prisons",,,0/0/0/0/0,0/0/0/0/0,0/0/0/0/0,0/0/0/0/0,0/0/0/0/0,0/0/0/0/0,0/0/0/0/0,0/0/0/0/0,0/0/0/0/0
US,US,Florida,US-FL,21477737,0/0/0/0/0,0/0/0/0/0,0/0/0/0/0,0/0/0/0/0,0/0/0/0/0,0/0/0/0/0,0/0/0/0/0,0/0/0/0/0,0/0/0/0/0
US,US,Georgia,US-GA,10617423,0/0/0/0/0,0/0/0/0/0,0/0/0/0/0,0/0/0/0/0,0/0/0/0/0,0/0/0/0/0,0/0/0/0/0,0/0/0/0/0,0/0/0/0/0
US,US,"Grand Princess",,3533,0/0/0/0/0,0/0/0/0/0,0/0/0/0/0,0/0/0/0/0,0/0/0/0/0,0/0/0/0/0,0/0/0/0/0,0/0/0/0/0,0/0/0/0/0
US,US,Guam,US-GU,165718,0/0/0/0/0,0/0/0/0/0,0/0/0/0/0,0/0/0/0/0,0/0/0/0/0,0/0/0/0/0,0/0/0/0/0,0/0/0/0/0,0/0/0/0/0
US,US,Hawaii,US-HI,1415872,0/0/0/0/0,0/0/0/0/0,0/0/0/0/0,0/0/0/0/0,0/0/0/0/0,0/0/0/0/0,0/0/0/0/0,0/0/0/0/0,0/0/0/0/0
US,US,Idaho,US-ID,1787147,0/0/0/0/0,0/0/0/0/0,0/0/0/0/0,0/0/0/0/0,0/0/0/0/0,0/0/0/0/0,0/0/0/0/0,0/0/0/0/0,0/0/0/0/0
US,US,Illinois,US-IL,12671821,0/0/0/0/0,0/0/0/0/0,0/0/0/0/0,0/0/0/0/0,0/0/0/0/0,0/0/0/0/0,0/0/0/0/0,0/0/0/0/0,0/0/0/0/0
US,US,Indiana,US-IN,6732219,0/0/0/0/0,0/0/0/0/0,0/0/0/0/0,0/0/0/0/0,0/0/0/0/0,0/0/0/0/0,0/0/0/0/0,0/0/0/0/0,0/0/0/0/0
US,US,Iowa,US-IA,3155070,0/0/0/0/0,0/0/0/0/0,0/0/0/0/0,0/0/0/0/0,0/0/0/0/0,0/0/0/0/0,0/0/0/0/0,0/0/0/0/0,0/0/0/0/0
US,US,Kansas,US-KS,2913314,0/0/0/0/0,0/0/0/0/0,0/0/0/0/0,0/0/0/0/0,0/0/0/0/0,0/0/0/0/0,0/0/0/0/0,0/0/0/0/0,0/0/0/0/0
US,US,Kentucky,US-KY,4467673,0/0/0/0/0,0/0/0/0/0,0/0/0/0/0,0/0/0/0/0,0/0/0/0/0,0/0/0/0/0,0/0/0/0/0,0/0/0/0/0,0/0/0/0/0
US,US,Louisiana,US-LA,4648794,0/0/0/0/0,0/0/0/0/0,0/0/0/0/0,0/0/0/0/0,0/0/0/0/0,0/0/0/0/0,0/0/0/0/0,0/0/0/0/0,0/0/0/0/0
US,US,Maine,US-ME,1344212,0/0/0/0/0,0/0/0/0/0,0/0/0/0/0,0/0/0/0/0,0/0/0/0/0,0/0/0/0/0,0/0/0/0/0,0/0/0/0/0,0/0/0/0/0
US,US,Maryland,US-MD,6045680,0/0/0/0/0,0/0/0/0/0,0/0/0/0/0,0/0/0/0/0,0/0/0/0/0,0/0/0/0/0,0/0/0/0/0,0/0/0/0/0,0/0/0/0/0
US,US,Massachusetts,US-MA,6949503,0/0/0/0/0,0/0/0/0/0,0/0/0/0/0,0/0/0/0/0,0/0/0/0/0,0/0/0/0/0,0/0/0/0/0,0/0/0/0/0,0/0/0/0/0
US,US,Michigan,US-MI,9986857,0/0/0/0/0,0/0/0/0/0,0/0/0/0/0,0/0/0/0/0,0/0/0/0/0,0/0/0/0/0,0/0/0/0/0,0/0/0/0/0,0/0/0/0/0
US,US,Minnesota,US-MN,5639632,0/0/0/0/0,0/0/0/0/0,0/0/0/0/0,0/0/0/0/0,0/0/0/0/0,0/0/0/0/0,0/0/0/0/0,0/0/0/0/0,0/0/0/0/0
US,US,Mississippi,US-MS,2976149,0/0/0/0/0,0/0/0/0/0,0/0/0/0/0,0/0/0/0/0,0/0/0/0/0,0/0/0/0/0,0/0/0/0/0,0/0/0/0/0,0/0/0/0/0
US,US,Missouri,US-MO,6137428,0/0/0/0/0,0/0/0/0/0,0/0/0/0/0,0/0/0/0/0,0/0/0/0/0,0/0/0/0/0,0/0/0/0/0,0/0/0/0/0,0/0/0/0/0
US,US,Montana,US-MT,1068778,0/0/0/0/0,0/0/0/0/0,0/0/0/0/0,0/0/0/0/0,0/0/0/0/0,0/0/0/0/0,0/0/0/0/0,0/0/0/0/0,0/0/0/0/0
US,US,Nebraska,US-NE,1934408,0/0/0/0/0,0/0/0/0/0,0/0/0/0/0,0/0/0/0/0,0/0/0/0/0,0/0/0/0/0,0/0/0/0/0,0/0/0/0/0,0/0/0/0/0
US,US,Nevada,US-NV,3080156,0/0/0/0/0,0/0/0/0/0,0/0/0/0/0,0/0/0/0/0,0/0/0/0/0,0/0/0/0/0,0/0/0/0/0,0/0/0/0/0,0/0/0/0/0
US,US,"New Hampshire",US-NH,1359711,0/0/0/0/0,0/0/0/0/0,0/0/0/0/0,0/0/0/0/0,0/0/0/0/0,0/0/0/0/0,0/0/0/0/0,0/0/0/0/0,0/0/0/0/0
US,US,"New Jersey",US-NJ,8882190,0/0/0/0/0,0/0/0/0/0,0/0/0/0/0,0/0/0/0/0,0/0/0/0/0,0/0/0/0/0,0/0/0/0/0,0/0/0/0/0,0/0/0/0/0
US,US,"New Mexico",US-NM,2096829,0/0/0/0/0,0/0/0/0/0,0/0/0/0/0,0/0/0/0/0,0/0/0/0/0,0/0/0/0/0,0/0/0/0/0,0/0/0/0/0,0/0/0/0/0
US,US,"New York",US-NY,19453561,0/0/0/0/0,0/0/0/0/0,0/0/0/0/0,0/0/0/0/0,0/0/0/0/0,0/0/0/0/0,0/0/0/0/0,0/0/0/0/0,0/0/0/0/0
US,US,"North Carolina",US-NC,10488084,0/0/0/0/0,0/0/0/0/0,0/0/0/0/0,0/0/0/0/0,0/0/0/0/0,0/0/0/0/0,0/0/0/0/0,0/0/0/0/0,0/0/0/0/0
US,US,"North Dakota",US-ND,762062,0/0/0/0/0,0/0/0/0/0,0/0/0/0/0,0/0/0/0/0,0/0/0/0/0,0/0/0/0/0,0/0/0/0/0,0/0/0/0/0,0/0/0/0/0
US,US,"Northern Mariana Islands",US-MP,55194,0/0/0/0/0,0/0/0/0/0,0/0/0/0/0,0/0/0/0/0,0/0/0/0/0,0/0/0/0/0,0/0/0/0/0,0/0/0/0/0,0/0/0/0/0
US,US,Ohio,US-OH,11689100,0/0/0/0/0,0/0/0/0/0,0/0/0/0/0,0/0/0/0/0,0/0/0/0/0,0/0/0/0/0,0/0/0/0/0,0/0/0/0/0,0/0/0/0/0
US,US,Oklahoma,US-OK,3956971,0/0/0/0/0,0/0/0/0/0,0/0/0/0/0,0/0/0/0/0,0/0/0/0/0,0/0/0/0/0,0/0/0/0/0,0/0/0/0/0,0/0/0/0/0
US,US,Oregon,US-OR,4217737,0/0/0/0/0,0/0/0/0/0,0/0/0/0/0,0/0/0/0/0,0/0/0/0/0,0/0/0/0/0,0/0/0/0/0,0/0/0/0/0,0/0/0/0/0
US,US,Pennsylvania,US-PA,12801989,0/0/0/0/0,0/0/0/0/0,0/0/0/0/0,0/0/0/0/0,0/0/0/0/0,0/0/0/0/0,0/0/0/0/0,0/0/0/0/0,0/0/0/0/0
US,US,"Puerto Rico",US-PR,3193694,0/0/0/0/0,0/0/0/0/0,0/0/0/0/0,0/0/0/0/0,0/0/0/0/0,0/0/0/0/0,0/0/0/0/0,0/0/0/0/0,0/0/0/0/0
US,US,"Rhode Island",US-RI,1059361,0/0/0/0/0,0/0/0/0/0,0/0/0/0/0,0/0/0/0/0,0/0/0/0/0,0/0/0/0/0,0/0/0/0/0,0/0/0/0/0,0/0/0/0/0
US,US,"South Carolina",US-SC,5148714,0/0/0/0/0,0/0/0/0/0,0/0/0/0/0,0/0/0/0/0,0/0/0/0/0,0/0/0/0/0,0/0/0/0/0,0/0/0/0/0,0/0/0/0/0
US,US,"South Dakota",US-SD,884659,0/0/0/0/0,0/0/0/0/0,0/0/0/0/0,0/0/0/0/0,0/0/0/0/0,0/0/0/0/0,0/0/0/0/0,0/0/0/0/0,0/0/0/0/0
US,US,Tennessee,US-TN,6833174,0/0/0/0/0,0/0/0/0/0,0/0/0/0/0,0/0/0/0/0,0/0/0/0/0,0/0/0/0/0,0/0/0/0/0,0/0/0/0/0,0/0/0/0/0
US,US,Texas,US-TX,28995881,0/0/0/0/0,0/0/0/0/0,0/0/0/0/0,0/0/0/0/0,0/0/0/0/0,0/0/0/0/0,0/0/0/0/0,0/0/0/0/0,0/0/0/0/0
US,US,"US Military",,,0/0/0/0/0,0/0/0/0/0,0/0/0/0/0,0/0/0/0/0,0/0/0/0/0,0/0/0/0/0,0/0/0/0/0,0/0/0/0/0,0/0/0/0/0
US,US,Utah,US-UT,3205958,0/0/0/0/0,0/0/0/0/0,0/0/0/0/0,0/0/0/0/0,0/0/0/0/0,0/0/0/0/0,0/0/0/0/0,0/0/0/0/0,0/0/0/0/0
US,US,Vermont,US-VT,623989,0/0/0/0/0,0/0/0/0/0,0/0/0/0/0,0/0/0/0/0,0/0/0/0/0,0/0/0/0/0,0/0/0/0/0,0/0/0/0/0,0/0/0/0/0
US,US,"Veteran Hospitals",,,0/0/0/0/0,0/0/0/0/0,0/0/0/0/0,0/0/0/0/0,0/0/0/0/0,0/0/0/0/0,0/0/0/0/0,0/0/0/0/0,0/0/0/0/0
US,US,"Virgin Islands",US-VI,104914,0/0/0/0/0,0/0/0/0/0,0/0/0/0/0,0/0/0/0/0,0/0/0/0/0,0/0/0/0/0,0/0/0/0/0,0/0/0/0/0,0/0/0/0/0
US,US,Virginia,US-VA,8535519,0/0/0/0/0,0/0/0/0/0,0/0/0/0/0,0/0/0/0/0,0/0/0/0/0,0/0/0/0/0,0/0/0/0/0,0/0/0/0/0,0/0/0/0/0
US,US,Washington,US-WA,7614893,0/0/0/0/0,0/0/0/0/0,0/0/0/0/0,0/0/0/0/0,0/0/0/0/0,0/0/0/0/0,0/0/0/0/0,0/0/0/0/0,0/0/0/0/0
US,US,"West Virginia",US-WV,1792065,0/0/0/0/0,0/0/0/0/0,0/0/0/0/0,0/0/0/0/0,0/0/0/0/0,0/0/0/0/0,0/0/0/0/0,0/0/0/0/0,0/0/0/0/0
US,US,Wisconsin,US-WI,5822434,0/0/0/0/0,0/0/0/0/0,0/0/0/0/0,0/0/0/0/0,0/0/0/0/0,0/0/0/0/0,0/0/0/0/0,0/0/0/0/0,0/0/0/0/0
US,US,Wyoming,US-WY,578759,0/0/0/0/0,0/0/0/0/0,0/0/0/0/0,0/0/0/0/0,0/0/0/0/0,0/0/0/0/0,0/0/0/0/0,0/0/0/0/0,0/0/0/0/0
Uganda,UG,,,33398682,0/0/171888/0/3632,0/0/171890/0/3632,0/0/172149/0/3632,0/0/172149/0/3632,0/0/172149/0/3632,0/0/172149/0/3632,0/0/172152/0/3632,0/0/172154/0/3632,0/0/172154/0/3632
Ukraine,UA,,,41983564,0/0/5520483/0/109918,0/0/5521032/0/109918,0/0/5539049/0/109918,0/0/5532832/0/109920,0/0/5531438/0/109920,0/0/5531719/0/109920,0/0/5532365/0/109920,0/0/5532606/0/109920,0/0/5532777/0/109920
"United Arab Emirates",AE,,,4975593,0/0/1067030/0/2349,0/0/1067030/0/2349,0/0/1067030/0/2349,0/0/1067030/0/2349,0/0/1067030/0/2349,0/0/1067030/0/2349,0/0/1067030/0/2349,0/0/1067030/0/2349,0/0/1067030/0/2349
"United Kingdom",GB,,,66647112,0/0/24843591/0/232112,0/0/24892903/0/232112,0/0/24907132/0/232112,0/0/24915646/0/232112,0/0/24922255/0/232112,0/0/24932880/0/232112,0/0/24951602/0/232112,0/0/24971229/0/232112,0/0/24974629/0/232112
"United Kingdom",GB,Anguilla,AI-AI,14731,0/0/3904/0/12,0/0/3904/0/12,0/0/3904/0/12,0/0/3904/0/12,0/0/3904/0/12,0/0/3904/0/12,0/0/3904/0/12,0/0/3904/0/12,0/0/3904/0/12
"United Kingdom",GB,Bermuda,BM-BM,71176,0/0/18860/0/165,0/0/18860/0/165,0/0/18860/0/165,0/0/18860/0/165,0/0/18860/0/165,0/0/18860/0/165,0/0/18860/0/165,0/0/18860/0/165,0/0/18860/0/165
"United Kingdom",GB,"British Virgin Islands",VG-VG,31758,0/0/7392/0/64,0/0/7392/0/64,0/0/7392/0/64,0/0/7392/0/64,0/0/7420/0/64,0/0/7472/0/64,0/0/7552/0/64,0/0/7557/0/64,0/0/7557/0/64
"United Kingdom",GB,"Cayman Islands",KY-KY,68076,0/0/31472/0/37,0/0/31472/0/37,0/0/31472/0/37,0/0/31472/0/37,0/0/31472/0/37,0/0/31472/0/37,0/0/31472/0/37,0/0/31472/0/37,0/0/31472/0/37
"United Kingdom",GB,"Channel Islands",GB-CHA,170499,0/0/0/0/0,0/0/0/0/0,0/0/0/0/0,0/0/0/0/0,0/0/0/0/0,0/0/0/0/0,0/0/0/0/0,0/0/0/0/0,0/0/0/0/0
"United Kingdom",GB,England,GB-ENG,,0/0/0/0/0,0/0/0/0/0,0/0/0/0/0,0/0/0/0/0,0/0/0/0/0,0/0/0/0/0,0/0/0/0/0,0/0/0/0/0,0/0/0/0/0
"United Kingdom",GB,"Falkland Islands (Malvinas)",FK-FK,3398,0/0/0/0/0,0/0/0/0/0,0/0/0/0/0,0/0/0/0/0,0/0/0/0/0,0/0/0/0/0,0/0/0/0/0,0/0/0/0/0,0/0/0/0/0
"United Kingdom",GB,Gibraltar,GI-GI,32194,0/0/20550/0/113,0/0/20550/0/113,0/0/20550/0/113,0/0/20550/0/113,0/0/20550/0/113,0/0/20550/0/113,0/0/20550/0/113,0/0/20550/0/113,0/0/20550/0/113
"United Kingdom",GB,"Isle of Man",GB-IOM,83314,0/0/0/0/0,0/0/0/0/0,0/0/0/0/0,0/0/0/0/0,0/0/0/0/0,0/0/0/0/0,0/0/0/0/0,0/0/0/0/0,0/0/0/0/0
"United Kingdom",GB,Jersey,GB-JSY,,0/0/0/0/0,0/0/0/0/0,0/0/0/0/0,0/0/0/0/0,0/0/0/0/0,0/0/0/0/0,0/0/0/0/0,0/0/0/0/0,0/0/0/0/0
"United Kingdom",GB,Montserrat,MS-MS,4649,0/0/1403/0/8,0/0/1403/0/8,0/0/1403/0/8,0/0/1403/0/8,0/0/1403/0/8,0/0/1403/0/8,0/0/1403/0/8,0/0/1403/0/8,0/0/1403/0/8
"United Kingdom",GB,"Northern Ireland",GB-NIR,,0/0/0/0/0,0/0/0/0/0,0/0/0/0/0,0/0/0/0/0,0/0/0/0/0,0/0/0/0/0,0/0/0/0/0,0/0/0/0/0,0/0/0/0/0
"United Kingdom",GB,Scotland,GB-SCT,,0/0/0/0/0,0/0/0/0/0,0/0/0/0/0,0/0/0/0/0,0/0/0/0/0,0/0/0/0/0,0/0/0/0/0,0/0/0/0/0,0/0/0/0/0
"United Kingdom",GB,"Turks and Caicos Islands",TC-TC,31458,0/0/6711/0/40,0/0/6713/0/40,0/0/6747/0/40,0/0/6754/0/40,0/0/6754/0/40,0/0/6754/0/40,0/0/6776/0/40,0/0/6805/0/40,0/0/6805/0/40
Uruguay,UY,,,3477000,0/0/1041111/0/7660,0/0/1041111/0/7660,0/0/1037893/0/7625,0/0/1037893/0/7625,0/0/1037893/0/7625,0/0/1041245/0/7662,0/0/1041294/0/7682,0/0/1041331/0/7682,0/0/1041346/0/7682
Uzbekistan,UZ,,,27865738,0/0/175081/0/1016,0/0/175081/0/1016,0/0/175081/0/1016,0/0/175081/0/1016,0/0/175081/0/1016,0/0/175081/0/1016,0/0/175081/0/1016,0/0/175081/0/1016,0/0/175081/0/1016
Vanuatu,VU,,,221552,0/0/12019/0/14,0/0/12019/0/14,0/0/12019/0/14,0/0/12019/0/14,0/0/12019/0/14,0/0/12019/0/14,0/0/12019/0/14,0/0/12019/0/14,0/0/12019/0/14
Venezuela,VE,,,27223228,0/0/552695/0/5856,0/0/552695/0/5856,0/0/552695/0/5856,0/0/552695/0/5856,0/0/552695/0/5856,0/0/552695/0/5856,0/0/552695/0/5856,0/0/552695/0/5856,0/0/552695/0/5856
Vietnam,VN,,,89571130,0/0/11624000/0/43206,0/0/11624000/0/43206,0/0/11624000/0/43206,0/0/11624000/0/43206,0/0/11624000/0/43206,0/0/11624000/0/43206,0/0/11624000/0/43206,0/0/11624000/0/43206,0/0/11624000/0/43206
"Wallis and Futuna",WF,,,16025,0/0/3550/0/8,0/0/3550/0/8,0/0/3550/0/8,0/0/3760/0/9,0/0/3760/0/9,0/0/3760/0/9,0/0/3760/0/9,0/0/3760/0/9,0/0/3760/0/9
"West Bank and Gaza",PS,,,3800000,0/0/703228/0/5708,0/0/703228/0/5708,0/0/703228/0/5708,0/0/703228/0/5708,0/0/703228/0/5708,0/0/703228/0/5708,0/0/703228/0/5708,0/0/703228/0/5708,0/0/703228/0/5708
"Western Sahara",EH,,,273008,0/0/0/0/0,0/0/0/0/0,0/0/0/0/0,0/0/0/0/0,0/0/0/0/0,0/0/0/0/0,0/0/0/0/0,0/0/0/0/0,0/0/0/0/0
Yemen,YE,,,23495361,0/0/11945/0/2159,0/0/11945/0/2159,0/0/11945/0/2159,0/0/11945/0/2159,0/0/11945/0/2159,0/0/11945/0/2159,0/0/11945/0/2159,0/0/11945/0/2159,0/0/11945/0/2159
Zambia,ZM,,,13460305,0/0/349304/0/4069,0/0/349304/0/4069,0/0/349304/0/4069,0/0/349558/0/4069,0/0/349629/0/4069,0/0/349653/0/4069,0/0/349686/0/4069,0/0/349824/0/4077,0/0/349842/0/4077
Zimbabwe,ZW,,,13061000,0/0/266048/0/5731,0/0/266265/0/5737,0/0/266350/0/5737,0/0/266359/0/5740,0/0/266362/0/5740,0/0/266362/0/5740,0/0/266374/0/5740,0/0/266386/0/5740,0/0/266386/0/5740
